,date,open,high,low,close,flag
0,2024-04-15 14:56:00+05:30,440.8,440.8,440.8,440.8,0
1,2024-04-15 14:59:00+05:30,433.55,433.55,433.55,433.55,1
2,2024-04-15 15:12:00+05:30,426.2,426.2,426.2,426.2,1
3,2024-04-16 09:15:00+05:30,350.45,350.45,350.45,350.45,0
4,2024-04-16 10:53:00+05:30,344.75,344.75,344.75,344.75,1
5,2024-04-16 12:50:00+05:30,317.8,317.8,317.8,317.8,1
6,2024-04-16 13:21:00+05:30,286.45,286.45,286.45,286.45,1
7,2024-04-16 14:11:00+05:30,322.8,322.8,322.8,322.8,0
8,2024-04-16 14:12:00+05:30,322.8,322.8,322.8,322.8,0
9,2024-04-16 15:28:00+05:30,322.8,322.8,322.8,322.8,1
10,2024-04-18 09:43:00+05:30,322.8,322.8,322.8,322.8,0
11,2024-04-18 10:07:00+05:30,322.8,322.8,322.8,322.8,1
12,2024-04-18 10:31:00+05:30,315.75,315.75,315.75,315.75,1
13,2024-04-18 10:34:00+05:30,319.75,320.3,319.75,319.75,8
14,2024-04-18 10:36:00+05:30,322.9,322.9,322.2,322.9,8
15,2024-04-18 10:37:00+05:30,328.2,328.2,328.2,328.2,4
16,2024-04-18 11:43:00+05:30,357.0,357.0,357.0,357.0,1
17,2024-04-18 12:18:00+05:30,379.0,379.0,379.0,379.0,1
18,2024-04-18 12:22:00+05:30,386.9,386.9,386.9,386.9,1
19,2024-04-18 12:24:00+05:30,386.9,386.9,386.9,386.9,1
20,2024-04-18 12:25:00+05:30,386.25,386.25,386.25,386.25,1
21,2024-04-18 12:40:00+05:30,385.4,385.4,385.4,385.4,1
22,2024-04-18 13:20:00+05:30,381.2,381.2,381.2,381.2,2
23,2024-04-18 13:21:00+05:30,380.85,380.85,380.85,380.85,9
24,2024-04-18 13:26:00+05:30,370.0,370.0,370.0,370.0,1
25,2024-04-18 13:27:00+05:30,277.85,277.85,277.85,277.85,3
26,2024-04-18 13:28:00+05:30,306.95,307.7,306.95,306.95,4
27,2024-04-18 13:30:00+05:30,296.5,300.1,296.5,296.5,9
28,2024-04-18 14:04:00+05:30,316.5,316.5,315.9,315.9,0
29,2024-04-18 14:05:00+05:30,315.9,315.9,311.85,311.85,2
30,2024-04-18 14:15:00+05:30,319.1,319.1,319.1,319.1,4
31,2024-04-18 14:19:00+05:30,324.8,324.8,324.8,324.8,1
32,2024-04-18 14:30:00+05:30,323.45,323.45,317.75,323.45,8
33,2024-04-18 14:38:00+05:30,305.6,306.95,305.6,306.95,2
34,2024-04-18 14:39:00+05:30,301.6,301.6,301.6,301.6,1
35,2024-04-18 14:46:00+05:30,280.05,280.05,280.05,280.05,1
36,2024-04-18 14:56:00+05:30,280.0,280.0,280.0,280.0,0
37,2024-04-18 14:57:00+05:30,280.0,282.1,280.0,282.1,3
38,2024-04-18 14:58:00+05:30,269.0,269.0,269.0,269.0,1
39,2024-04-18 15:06:00+05:30,265.85,265.85,265.85,265.85,1
40,2024-04-18 15:14:00+05:30,245.85,245.85,245.85,245.85,0
41,2024-04-18 15:15:00+05:30,245.85,245.85,245.85,245.85,0
42,2024-04-18 15:16:00+05:30,243.9,243.9,243.9,243.9,0
43,2024-04-18 15:17:00+05:30,243.9,243.9,243.9,243.9,0
44,2024-04-18 15:24:00+05:30,274.05,274.05,274.05,274.05,2
45,2024-04-18 15:27:00+05:30,255.8,255.8,255.8,255.8,1
46,2024-04-19 09:15:00+05:30,199.0,199.0,199.0,199.0,0
47,2024-04-19 09:16:00+05:30,199.0,199.0,199.0,199.0,1
48,2024-04-19 09:21:00+05:30,185.0,185.0,185.0,185.0,1
49,2024-04-19 09:22:00+05:30,185.0,185.0,185.0,185.0,1
50,2024-04-19 09:24:00+05:30,200.0,201.0,200.0,201.0,1
51,2024-04-19 09:25:00+05:30,201.0,201.0,201.0,201.0,1
52,2024-04-19 09:29:00+05:30,205.5,205.5,205.5,205.5,1
53,2024-04-19 09:53:00+05:30,184.95,184.95,184.95,184.95,1
54,2024-04-19 10:44:00+05:30,184.95,184.95,184.95,184.95,2
55,2024-04-19 10:45:00+05:30,194.25,194.25,194.25,194.25,1
56,2024-04-19 10:56:00+05:30,174.8,174.8,174.8,174.8,1
57,2024-04-19 11:17:00+05:30,177.35,177.35,177.35,177.35,1
58,2024-04-19 11:50:00+05:30,207.05,207.05,207.05,207.05,2
59,2024-04-19 11:51:00+05:30,200.0,200.0,200.0,200.0,2
60,2024-04-19 11:59:00+05:30,201.0,201.0,201.0,201.0,1
61,2024-04-19 12:03:00+05:30,200.6,200.6,200.6,200.6,2
62,2024-04-19 12:07:00+05:30,201.0,201.0,201.0,201.0,1
63,2024-04-19 12:08:00+05:30,202.0,202.0,201.0,202.0,4
64,2024-04-19 12:10:00+05:30,202.0,202.0,202.0,202.0,4
65,2024-04-19 12:12:00+05:30,209.2,209.2,209.2,209.2,1
66,2024-04-19 12:22:00+05:30,210.7,210.7,210.7,210.7,1
67,2024-04-19 12:24:00+05:30,219.75,219.75,219.75,219.75,1
68,2024-04-19 12:30:00+05:30,219.75,219.75,216.55,217.0,5
69,2024-04-19 12:35:00+05:30,229.65,229.65,229.65,229.65,1
70,2024-04-19 12:44:00+05:30,247.0,247.0,247.0,247.0,1
71,2024-04-19 13:03:00+05:30,247.0,247.0,247.0,247.0,1
72,2024-04-19 13:20:00+05:30,234.0,234.0,234.0,234.0,1
73,2024-04-19 13:23:00+05:30,251.55,251.55,251.55,251.55,2
74,2024-04-19 13:28:00+05:30,252.0,252.0,252.0,252.0,1
75,2024-04-19 13:30:00+05:30,247.5,247.5,247.5,247.5,1
76,2024-04-19 13:34:00+05:30,243.65,243.65,243.65,243.65,4
77,2024-04-19 13:36:00+05:30,240.4,242.05,240.4,240.4,2
78,2024-04-19 13:38:00+05:30,239.7,239.7,239.7,239.7,1
79,2024-04-19 13:50:00+05:30,270.65,270.9,270.6,270.9,3
80,2024-04-19 13:54:00+05:30,285.45,285.45,285.45,285.45,1
81,2024-04-19 13:58:00+05:30,285.45,285.45,285.45,285.45,4
82,2024-04-19 14:01:00+05:30,294.9,294.9,294.9,294.9,1
83,2024-04-19 14:04:00+05:30,289.15,289.15,289.15,289.15,3
84,2024-04-19 14:05:00+05:30,288.4,288.4,288.4,288.4,1
85,2024-04-19 14:07:00+05:30,290.0,290.0,290.0,290.0,1
86,2024-04-19 14:09:00+05:30,303.0,303.0,303.0,303.0,0
87,2024-04-19 14:10:00+05:30,303.0,303.25,303.0,303.25,1
88,2024-04-19 14:11:00+05:30,305.65,305.65,305.5,305.5,2
89,2024-04-19 14:37:00+05:30,285.1,285.15,285.1,285.1,8
90,2024-04-19 14:44:00+05:30,270.0,270.0,270.0,270.0,1
91,2024-04-19 14:45:00+05:30,278.6,278.6,278.6,278.6,1
92,2024-04-19 15:08:00+05:30,294.8,294.8,294.8,294.8,4
93,2024-04-19 15:11:00+05:30,295.0,295.0,295.0,295.0,1
94,2024-04-19 15:12:00+05:30,288.45,288.45,288.45,288.45,4
95,2024-04-19 15:13:00+05:30,288.45,288.45,288.45,288.45,1
96,2024-04-19 15:14:00+05:30,288.45,288.45,288.45,288.45,1
97,2024-04-19 15:17:00+05:30,282.0,282.0,282.0,282.0,1
98,2024-04-19 15:24:00+05:30,275.0,275.0,275.0,275.0,2
99,2024-04-22 09:16:00+05:30,332.6,338.35,327.6,327.6,4
100,2024-04-22 09:17:00+05:30,325.05,332.65,325.05,330.0,14
101,2024-04-22 09:18:00+05:30,330.2,330.9,330.0,330.9,5
102,2024-04-22 09:19:00+05:30,323.3,323.3,323.3,323.3,1
103,2024-04-22 09:20:00+05:30,320.9,323.35,320.9,320.9,4
104,2024-04-22 09:23:00+05:30,325.95,325.95,325.95,325.95,1
105,2024-04-22 09:24:00+05:30,322.85,322.85,320.9,322.85,3
106,2024-04-22 09:28:00+05:30,313.3,313.3,313.3,313.3,1
107,2024-04-22 09:29:00+05:30,320.75,320.75,308.0,308.0,10
108,2024-04-22 09:31:00+05:30,310.9,310.9,310.9,310.9,1
109,2024-04-22 09:32:00+05:30,319.7,319.7,319.7,319.7,1
110,2024-04-22 09:33:00+05:30,322.8,322.85,322.8,322.85,2
111,2024-04-22 09:34:00+05:30,315.75,315.75,315.75,315.75,1
112,2024-04-22 09:35:00+05:30,319.45,319.45,319.45,319.45,2
113,2024-04-22 09:36:00+05:30,312.25,312.3,312.25,312.25,2
114,2024-04-22 09:44:00+05:30,312.35,312.35,312.35,312.35,2
115,2024-04-22 09:48:00+05:30,309.3,309.3,300.0,300.0,11
116,2024-04-22 09:49:00+05:30,305.9,305.9,305.9,305.9,2
117,2024-04-22 09:50:00+05:30,318.3,318.3,318.3,318.3,1
118,2024-04-22 09:51:00+05:30,308.15,311.45,308.15,308.15,7
119,2024-04-22 09:54:00+05:30,305.45,305.45,305.45,305.45,1
120,2024-04-22 09:57:00+05:30,310.55,310.55,310.55,310.55,2
121,2024-04-22 10:01:00+05:30,310.0,310.0,310.0,310.0,1
122,2024-04-22 10:03:00+05:30,313.8,313.8,313.8,313.8,1
123,2024-04-22 10:08:00+05:30,302.25,302.25,302.25,302.25,1
124,2024-04-22 10:10:00+05:30,304.45,304.45,304.45,304.45,3
125,2024-04-22 10:11:00+05:30,304.55,304.55,304.55,304.55,1
126,2024-04-22 10:15:00+05:30,310.6,310.6,310.6,310.6,0
127,2024-04-22 10:16:00+05:30,310.6,310.6,309.45,309.45,2
128,2024-04-22 10:17:00+05:30,316.0,316.0,316.0,316.0,8
129,2024-04-22 10:27:00+05:30,306.0,306.0,306.0,306.0,0
130,2024-04-22 10:28:00+05:30,306.0,306.0,306.0,306.0,0
131,2024-04-22 10:29:00+05:30,306.0,306.0,306.0,306.0,1
132,2024-04-22 10:31:00+05:30,311.95,312.0,311.95,312.0,24
133,2024-04-22 10:39:00+05:30,313.9,313.9,313.9,313.9,4
134,2024-04-22 10:40:00+05:30,314.4,314.4,314.4,314.4,1
135,2024-04-22 10:53:00+05:30,323.9,323.9,319.3,319.3,3
136,2024-04-22 11:00:00+05:30,330.15,330.15,330.15,330.15,1
137,2024-04-22 11:13:00+05:30,332.0,332.0,332.0,332.0,0
138,2024-04-22 11:14:00+05:30,332.0,332.0,332.0,332.0,0
139,2024-04-22 11:31:00+05:30,339.0,339.0,338.95,339.0,3
140,2024-04-22 11:33:00+05:30,343.0,343.0,343.0,343.0,1
141,2024-04-22 11:39:00+05:30,343.0,343.0,343.0,343.0,10
142,2024-04-22 11:40:00+05:30,343.0,343.0,343.0,343.0,1
143,2024-04-22 11:41:00+05:30,345.05,351.45,345.05,351.45,4
144,2024-04-22 11:44:00+05:30,344.35,344.35,344.35,344.35,1
145,2024-04-22 11:45:00+05:30,338.85,338.85,338.8,338.8,5
146,2024-04-22 11:47:00+05:30,337.3,337.3,337.3,337.3,1
147,2024-04-22 12:14:00+05:30,336.0,336.0,336.0,336.0,1
148,2024-04-22 12:15:00+05:30,338.5,338.5,338.45,338.5,5
149,2024-04-22 12:41:00+05:30,340.0,340.0,340.0,340.0,1
150,2024-04-22 12:43:00+05:30,341.0,341.0,341.0,341.0,1
151,2024-04-22 12:57:00+05:30,336.8,336.8,336.8,336.8,1
152,2024-04-22 12:58:00+05:30,328.55,328.55,328.45,328.55,4
153,2024-04-22 13:00:00+05:30,326.1,326.1,326.1,326.1,1
154,2024-04-22 13:02:00+05:30,329.9,329.9,329.9,329.9,1
155,2024-04-22 13:10:00+05:30,324.8,324.8,324.8,324.8,1
156,2024-04-22 13:11:00+05:30,324.8,324.8,324.8,324.8,2
157,2024-04-22 13:12:00+05:30,328.6,328.6,328.55,328.6,10
158,2024-04-22 13:13:00+05:30,329.0,329.0,329.0,329.0,1
159,2024-04-22 13:15:00+05:30,330.0,330.0,330.0,330.0,1
160,2024-04-22 13:32:00+05:30,329.95,330.0,329.95,330.0,0
161,2024-04-22 13:33:00+05:30,330.0,330.0,330.0,330.0,0
162,2024-04-22 13:46:00+05:30,335.35,335.35,335.35,335.35,1
163,2024-04-22 14:01:00+05:30,339.8,339.8,339.8,339.8,1
164,2024-04-22 14:07:00+05:30,335.15,335.15,335.15,335.15,1
165,2024-04-22 14:09:00+05:30,342.0,342.0,342.0,342.0,1
166,2024-04-22 14:12:00+05:30,342.0,342.75,342.0,342.75,7
167,2024-04-22 14:15:00+05:30,341.7,341.7,341.7,341.7,6
168,2024-04-22 14:16:00+05:30,340.05,340.05,340.05,340.05,1
169,2024-04-22 14:23:00+05:30,336.65,336.65,336.65,336.65,1
170,2024-04-22 14:24:00+05:30,340.05,340.05,340.05,340.05,1
171,2024-04-22 14:34:00+05:30,338.0,338.0,338.0,338.0,1
172,2024-04-22 14:41:00+05:30,350.0,350.0,350.0,350.0,2
173,2024-04-22 14:44:00+05:30,353.0,353.0,353.0,353.0,1
174,2024-04-22 14:46:00+05:30,353.8,353.8,353.8,353.8,1
175,2024-04-22 14:47:00+05:30,352.15,354.3,352.15,352.15,6
176,2024-04-22 14:48:00+05:30,353.75,354.25,350.95,350.95,7
177,2024-04-22 14:49:00+05:30,355.55,361.0,355.55,361.0,3
178,2024-04-22 14:53:00+05:30,362.0,362.0,362.0,362.0,3
179,2024-04-22 14:54:00+05:30,358.1,358.1,358.1,358.1,5
180,2024-04-22 14:55:00+05:30,358.1,358.1,358.1,358.1,3
181,2024-04-22 15:03:00+05:30,360.95,360.95,360.95,360.95,2
182,2024-04-22 15:05:00+05:30,352.85,352.85,352.85,352.85,1
183,2024-04-22 15:06:00+05:30,359.8,361.0,359.8,361.0,4
184,2024-04-22 15:10:00+05:30,358.45,358.45,358.45,358.45,1
185,2024-04-22 15:11:00+05:30,365.0,365.0,365.0,365.0,1
186,2024-04-22 15:12:00+05:30,366.0,366.0,366.0,366.0,1
187,2024-04-22 15:14:00+05:30,375.0,375.0,375.0,375.0,1
188,2024-04-22 15:16:00+05:30,370.95,371.0,370.9,371.0,11
189,2024-04-22 15:17:00+05:30,370.0,370.0,370.0,370.0,1
190,2024-04-22 15:21:00+05:30,377.0,377.0,377.0,377.0,1
191,2024-04-22 15:24:00+05:30,377.9,379.35,377.9,379.35,3
192,2024-04-22 15:25:00+05:30,380.15,380.2,380.15,380.15,11
193,2024-04-22 15:26:00+05:30,381.75,385.0,381.75,382.5,6
194,2024-04-22 15:27:00+05:30,393.9,397.8,393.9,393.9,18
195,2024-04-22 15:28:00+05:30,395.25,397.25,395.25,397.1,41
196,2024-04-22 15:29:00+05:30,402.7,402.7,393.75,393.75,7
197,2024-04-23 09:17:00+05:30,374.95,382.55,374.95,382.55,3
198,2024-04-23 09:19:00+05:30,382.0,393.5,382.0,393.5,5
199,2024-04-23 09:25:00+05:30,377.0,377.0,371.45,371.45,44
200,2024-04-23 09:26:00+05:30,380.0,380.0,380.0,380.0,2
201,2024-04-23 09:31:00+05:30,379.95,379.95,379.95,379.95,6
202,2024-04-23 09:34:00+05:30,386.8,386.8,386.8,386.8,2
203,2024-04-23 09:35:00+05:30,382.5,382.5,382.5,382.5,2
204,2024-04-23 09:36:00+05:30,382.5,382.5,382.5,382.5,1
205,2024-04-23 09:39:00+05:30,382.15,382.15,382.15,382.15,10
206,2024-04-23 09:40:00+05:30,382.15,382.15,382.15,382.15,0
207,2024-04-23 09:41:00+05:30,382.15,382.15,382.15,382.15,0
208,2024-04-23 09:47:00+05:30,373.15,373.15,373.15,373.15,1
209,2024-04-23 09:48:00+05:30,368.35,370.0,368.35,368.35,3
210,2024-04-23 09:52:00+05:30,383.95,383.95,383.95,383.95,1
211,2024-04-23 09:55:00+05:30,376.65,376.65,376.65,376.65,1
212,2024-04-23 10:05:00+05:30,390.0,390.0,390.0,390.0,0
213,2024-04-23 10:06:00+05:30,390.0,398.5,390.0,394.75,39
214,2024-04-23 10:12:00+05:30,396.1,396.1,396.1,396.1,1
215,2024-04-23 10:22:00+05:30,396.1,396.1,396.1,396.1,1
216,2024-04-23 10:26:00+05:30,388.8,388.8,384.4,385.8,40
217,2024-04-23 10:28:00+05:30,391.75,391.75,391.75,391.75,1
218,2024-04-23 10:34:00+05:30,383.2,383.2,383.2,383.2,1
219,2024-04-23 10:37:00+05:30,387.3,387.3,387.3,387.3,1
220,2024-04-23 10:41:00+05:30,382.5,382.5,382.5,382.5,1
221,2024-04-23 10:42:00+05:30,373.15,373.15,373.15,373.15,2
222,2024-04-23 10:47:00+05:30,371.0,371.0,371.0,371.0,1
223,2024-04-23 10:48:00+05:30,370.0,370.0,370.0,370.0,0
224,2024-04-23 10:49:00+05:30,370.0,370.0,368.0,368.0,10
225,2024-04-23 10:53:00+05:30,370.0,370.0,370.0,370.0,1
226,2024-04-23 10:58:00+05:30,375.85,375.85,375.8,375.85,3
227,2024-04-23 10:59:00+05:30,375.1,375.1,375.05,375.1,4
228,2024-04-23 11:00:00+05:30,370.0,370.0,370.0,370.0,2
229,2024-04-23 11:04:00+05:30,362.35,362.4,362.35,362.35,3
230,2024-04-23 11:16:00+05:30,377.8,377.8,377.8,377.8,2
231,2024-04-23 11:18:00+05:30,377.2,386.0,377.2,382.3,42
232,2024-04-23 11:21:00+05:30,373.1,376.45,373.1,373.1,40
233,2024-04-23 11:24:00+05:30,382.95,382.95,382.95,382.95,2
234,2024-04-23 11:27:00+05:30,382.0,382.0,382.0,382.0,1
235,2024-04-23 11:29:00+05:30,377.65,382.4,377.65,382.4,3
236,2024-04-23 11:31:00+05:30,382.0,382.0,377.05,377.05,3
237,2024-04-23 11:40:00+05:30,380.9,380.9,380.9,380.9,1
238,2024-04-23 11:47:00+05:30,371.65,371.65,371.65,371.65,1
239,2024-04-23 11:48:00+05:30,371.65,371.65,371.65,371.65,1
240,2024-04-23 11:51:00+05:30,375.95,375.95,375.95,375.95,1
241,2024-04-23 11:56:00+05:30,374.8,374.8,374.8,374.8,2
242,2024-04-23 12:03:00+05:30,388.15,388.15,388.15,388.15,2
243,2024-04-23 12:07:00+05:30,385.3,385.3,385.3,385.3,1
244,2024-04-23 12:15:00+05:30,397.75,397.75,390.9,390.9,37
245,2024-04-23 12:17:00+05:30,382.45,387.9,382.45,382.45,36
246,2024-04-23 12:31:00+05:30,388.45,388.45,388.45,388.45,0
247,2024-04-23 12:32:00+05:30,388.45,388.45,388.45,388.45,0
248,2024-04-23 12:35:00+05:30,388.4,388.4,388.4,388.4,1
249,2024-04-23 12:36:00+05:30,383.45,383.45,383.45,383.45,1
250,2024-04-23 13:02:00+05:30,377.9,377.9,377.9,377.9,1
251,2024-04-23 13:03:00+05:30,375.0,375.0,375.0,375.0,1
252,2024-04-23 13:04:00+05:30,374.85,374.85,374.85,374.85,2
253,2024-04-23 13:05:00+05:30,373.3,373.3,370.0,370.0,1
254,2024-04-23 13:06:00+05:30,370.0,370.0,370.0,370.0,1
255,2024-04-23 13:12:00+05:30,361.0,361.0,361.0,361.0,1
256,2024-04-23 13:40:00+05:30,370.0,370.9,370.0,370.0,5
257,2024-04-23 14:23:00+05:30,380.0,380.0,380.0,380.0,2
258,2024-04-23 14:43:00+05:30,375.45,375.45,375.45,375.45,1
259,2024-04-23 15:01:00+05:30,361.0,363.25,361.0,363.25,5
260,2024-04-23 15:05:00+05:30,363.0,363.0,363.0,363.0,0
261,2024-04-23 15:06:00+05:30,363.0,363.0,361.0,361.0,1
262,2024-04-23 15:07:00+05:30,361.95,361.95,361.95,361.95,2
263,2024-04-23 15:08:00+05:30,361.0,361.0,361.0,361.0,1
264,2024-04-23 15:26:00+05:30,351.0,351.0,351.0,351.0,1
265,2024-04-23 15:28:00+05:30,345.75,345.75,345.75,345.75,2
266,2024-04-24 09:17:00+05:30,380.0,380.0,380.0,380.0,0
267,2024-04-24 09:19:00+05:30,380.0,380.0,380.0,380.0,1
268,2024-04-24 09:32:00+05:30,380.0,380.0,380.0,380.0,1
269,2024-04-24 09:47:00+05:30,380.0,383.0,380.0,383.0,2
270,2024-04-24 09:48:00+05:30,383.0,383.0,383.0,383.0,1
271,2024-04-24 09:54:00+05:30,393.9,393.9,393.9,393.9,1
272,2024-04-24 09:57:00+05:30,394.0,394.0,394.0,394.0,1
273,2024-04-24 09:58:00+05:30,394.0,394.0,394.0,394.0,1
274,2024-04-24 09:59:00+05:30,394.0,394.0,393.0,393.0,4
275,2024-04-24 10:00:00+05:30,393.0,393.0,393.0,393.0,15
276,2024-04-24 10:01:00+05:30,391.5,391.5,391.5,391.5,2
277,2024-04-24 10:10:00+05:30,400.0,400.0,400.0,400.0,1
278,2024-04-24 10:17:00+05:30,394.3,394.95,394.25,394.3,10
279,2024-04-24 10:18:00+05:30,400.0,400.0,400.0,400.0,2
280,2024-04-24 10:19:00+05:30,395.15,395.15,395.15,395.15,1
281,2024-04-24 10:28:00+05:30,408.65,408.65,408.65,408.65,1
282,2024-04-24 10:32:00+05:30,408.65,408.65,408.65,408.65,2
283,2024-04-24 10:35:00+05:30,407.1,407.1,407.1,407.1,2
284,2024-04-24 10:36:00+05:30,405.0,405.0,405.0,405.0,2
285,2024-04-24 10:38:00+05:30,410.0,410.0,409.2,409.2,13
286,2024-04-24 10:39:00+05:30,405.9,405.9,405.9,405.9,1
287,2024-04-24 10:42:00+05:30,417.75,417.75,417.75,417.75,3
288,2024-04-24 10:46:00+05:30,407.65,407.65,407.65,407.65,1
289,2024-04-24 10:47:00+05:30,407.65,407.65,407.65,407.65,2
290,2024-04-24 10:58:00+05:30,405.0,405.0,405.0,405.0,1
291,2024-04-24 11:15:00+05:30,404.8,404.9,404.8,404.9,0
292,2024-04-24 11:16:00+05:30,404.9,404.9,404.9,404.9,0
293,2024-04-24 11:19:00+05:30,397.8,397.8,397.8,397.8,1
294,2024-04-24 11:25:00+05:30,404.0,404.0,404.0,404.0,1
295,2024-04-24 11:34:00+05:30,405.3,405.3,405.3,405.3,1
296,2024-04-24 11:42:00+05:30,405.45,405.45,405.45,405.45,2
297,2024-04-24 11:43:00+05:30,399.3,399.3,399.3,399.3,1
298,2024-04-24 12:22:00+05:30,395.5,395.5,395.5,395.5,2
299,2024-04-24 12:29:00+05:30,399.75,399.75,399.75,399.75,0
300,2024-04-24 12:30:00+05:30,399.75,399.75,399.75,399.75,0
301,2024-04-24 12:34:00+05:30,394.75,394.75,394.75,394.75,0
302,2024-04-24 12:35:00+05:30,394.75,394.75,394.75,394.75,0
303,2024-04-24 13:11:00+05:30,382.2,384.4,382.2,382.2,7
304,2024-04-24 13:19:00+05:30,396.9,396.9,396.9,396.9,1
305,2024-04-24 14:09:00+05:30,380.0,381.3,380.0,381.3,6
306,2024-04-24 14:33:00+05:30,361.05,361.05,357.8,357.8,2
307,2024-04-24 14:34:00+05:30,351.8,351.8,351.8,351.8,2
308,2024-04-24 14:35:00+05:30,356.1,358.6,356.05,358.6,7
309,2024-04-24 14:37:00+05:30,354.8,354.8,354.8,354.8,1
310,2024-04-24 14:46:00+05:30,363.4,363.4,361.45,361.45,2
311,2024-04-24 15:02:00+05:30,362.9,362.9,361.35,362.9,6
312,2024-04-24 15:15:00+05:30,364.55,364.55,364.55,364.55,1
313,2024-04-24 15:22:00+05:30,370.35,370.35,370.35,370.35,2
314,2024-04-24 15:25:00+05:30,371.0,371.0,371.0,371.0,1
315,2024-04-24 15:28:00+05:30,371.0,371.0,371.0,371.0,3
316,2024-04-24 15:29:00+05:30,371.0,371.0,371.0,371.0,2
317,2024-04-25 09:15:00+05:30,349.5,349.5,321.5,329.55,3
318,2024-04-25 09:16:00+05:30,318.8,332.0,318.8,327.65,3
319,2024-04-25 09:17:00+05:30,326.65,326.65,326.65,326.65,1
320,2024-04-25 09:19:00+05:30,327.4,327.5,326.95,326.95,3
321,2024-04-25 09:20:00+05:30,324.9,324.9,324.9,324.9,1
322,2024-04-25 09:21:00+05:30,320.0,320.0,318.0,318.0,3
323,2024-04-25 09:24:00+05:30,318.0,318.0,318.0,318.0,1
324,2024-04-25 09:25:00+05:30,318.6,318.6,318.6,318.6,1
325,2024-04-25 09:26:00+05:30,318.0,318.0,316.1,316.1,4
326,2024-04-25 09:27:00+05:30,324.5,324.5,324.5,324.5,1
327,2024-04-25 09:29:00+05:30,326.4,326.4,326.35,326.4,4
328,2024-04-25 09:33:00+05:30,319.75,319.75,319.75,319.75,1
329,2024-04-25 09:34:00+05:30,325.3,325.3,325.3,325.3,4
330,2024-04-25 09:35:00+05:30,338.0,342.0,338.0,342.0,7
331,2024-04-25 09:41:00+05:30,340.75,340.9,340.75,340.75,4
332,2024-04-25 09:44:00+05:30,349.0,349.0,348.95,349.0,21
333,2024-04-25 09:55:00+05:30,355.0,355.0,355.0,355.0,1
334,2024-04-25 10:01:00+05:30,358.9,358.9,358.9,358.9,1
335,2024-04-25 10:02:00+05:30,362.1,362.1,362.1,362.1,2
336,2024-04-25 10:04:00+05:30,364.95,364.95,364.95,364.95,1
337,2024-04-25 10:08:00+05:30,356.65,358.6,356.65,356.65,6
338,2024-04-25 10:11:00+05:30,365.6,365.6,365.55,365.6,4
339,2024-04-25 10:13:00+05:30,369.2,372.4,368.8,372.4,4
340,2024-04-25 10:14:00+05:30,383.85,383.85,383.85,383.85,1
341,2024-04-25 10:16:00+05:30,385.0,385.0,385.0,385.0,1
342,2024-04-25 10:18:00+05:30,399.0,404.25,399.0,404.25,19
343,2024-04-25 10:22:00+05:30,388.75,389.1,388.75,388.75,4
344,2024-04-25 10:26:00+05:30,387.2,387.2,387.2,387.2,2
345,2024-04-25 10:30:00+05:30,387.1,387.1,387.1,387.1,1
346,2024-04-25 10:31:00+05:30,389.45,389.45,389.45,389.45,2
347,2024-04-25 10:34:00+05:30,381.65,381.65,381.65,381.65,2
348,2024-04-25 10:40:00+05:30,386.45,386.45,386.45,386.45,1
349,2024-04-25 10:43:00+05:30,383.8,383.8,383.8,383.8,1
350,2024-04-25 10:48:00+05:30,364.95,364.95,364.95,364.95,1
351,2024-04-25 10:51:00+05:30,320.0,341.1,320.0,340.05,15
352,2024-04-25 10:52:00+05:30,337.3,337.5,337.3,337.3,19
353,2024-04-25 10:57:00+05:30,334.3,334.3,334.3,334.3,1
354,2024-04-25 11:01:00+05:30,338.75,338.75,338.2,338.2,7
355,2024-04-25 11:05:00+05:30,338.2,338.2,338.2,338.2,25
356,2024-04-25 11:07:00+05:30,358.5,361.3,350.0,354.05,7
357,2024-04-25 11:08:00+05:30,368.05,368.25,368.05,368.05,3
358,2024-04-25 11:09:00+05:30,368.7,369.75,367.0,367.0,16
359,2024-04-25 11:10:00+05:30,366.0,366.0,365.95,366.0,14
360,2024-04-25 11:11:00+05:30,366.0,366.0,366.0,366.0,1
361,2024-04-25 11:17:00+05:30,366.45,371.65,366.45,371.65,2
362,2024-04-25 11:18:00+05:30,365.7,365.7,365.7,365.7,1
363,2024-04-25 11:38:00+05:30,361.4,361.4,361.35,361.4,3
364,2024-04-25 11:50:00+05:30,361.4,361.4,361.4,361.4,1
365,2024-04-25 12:04:00+05:30,350.75,352.35,350.75,350.75,2
366,2024-04-25 12:12:00+05:30,355.45,355.45,355.45,355.45,1
367,2024-04-25 12:13:00+05:30,357.8,357.8,356.2,356.4,4
368,2024-04-25 12:17:00+05:30,363.0,363.0,362.0,362.0,2
369,2024-04-25 12:20:00+05:30,365.35,365.35,365.35,365.35,1
370,2024-04-25 12:21:00+05:30,361.85,361.85,361.85,361.85,1
371,2024-04-25 12:22:00+05:30,359.95,359.95,359.95,359.95,1
372,2024-04-25 12:23:00+05:30,356.4,358.15,356.4,356.4,3
373,2024-04-25 12:25:00+05:30,356.2,356.9,354.75,354.75,7
374,2024-04-25 12:36:00+05:30,357.3,361.9,357.3,361.9,6
375,2024-04-25 12:37:00+05:30,360.0,360.0,360.0,360.0,1
376,2024-04-25 12:42:00+05:30,360.0,360.0,360.0,360.0,1
377,2024-04-25 12:49:00+05:30,356.5,356.5,356.5,356.5,1
378,2024-04-25 12:56:00+05:30,358.55,358.55,358.35,358.55,2
379,2024-04-25 12:59:00+05:30,362.2,390.0,361.7,390.0,15
380,2024-04-25 13:00:00+05:30,380.25,380.25,380.25,380.25,1
381,2024-04-25 13:03:00+05:30,389.0,389.0,389.0,389.0,1
382,2024-04-25 13:04:00+05:30,389.0,395.0,389.0,395.0,2
383,2024-04-25 13:06:00+05:30,388.95,390.95,386.65,390.0,9
384,2024-04-25 13:07:00+05:30,390.0,390.0,389.95,390.0,3
385,2024-04-25 13:08:00+05:30,385.95,385.95,383.85,383.85,4
386,2024-04-25 13:09:00+05:30,387.85,387.85,387.85,387.85,1
387,2024-04-25 13:10:00+05:30,385.2,387.95,385.2,387.95,6
388,2024-04-25 13:11:00+05:30,387.95,387.95,384.35,385.3,2
389,2024-04-25 13:12:00+05:30,385.3,385.3,385.3,385.3,1
390,2024-04-25 13:16:00+05:30,394.95,395.0,394.95,395.0,3
391,2024-04-25 13:24:00+05:30,391.5,391.5,391.5,391.5,1
392,2024-04-25 13:32:00+05:30,385.5,385.5,382.95,382.95,1
393,2024-04-25 13:33:00+05:30,382.95,382.95,380.95,380.95,4
394,2024-04-25 13:44:00+05:30,399.0,399.0,399.0,399.0,1
395,2024-04-25 13:45:00+05:30,420.0,420.0,415.0,420.0,3
396,2024-04-25 13:46:00+05:30,420.0,420.0,420.0,420.0,2
397,2024-04-25 13:48:00+05:30,420.0,420.0,420.0,420.0,1
398,2024-04-25 13:49:00+05:30,420.6,437.8,420.6,437.8,5
399,2024-04-25 13:50:00+05:30,434.75,434.75,434.75,434.75,1
400,2024-04-25 13:52:00+05:30,429.3,429.3,429.3,429.3,1
401,2024-04-25 13:53:00+05:30,427.55,432.8,427.55,432.8,24
402,2024-04-25 13:54:00+05:30,428.8,428.8,426.9,427.05,10
403,2024-04-25 13:55:00+05:30,427.0,427.75,427.0,427.6,16
404,2024-04-25 13:56:00+05:30,425.0,426.75,425.0,426.1,9
405,2024-04-25 13:57:00+05:30,425.15,425.15,425.15,425.15,4
406,2024-04-25 14:03:00+05:30,422.7,430.0,422.7,430.0,2
407,2024-04-25 14:04:00+05:30,430.0,437.0,430.0,437.0,14
408,2024-04-25 14:05:00+05:30,445.3,450.0,445.3,450.0,3
409,2024-04-25 14:06:00+05:30,461.85,461.85,461.85,461.85,1
410,2024-04-25 14:09:00+05:30,472.5,474.3,467.4,467.4,13
411,2024-04-25 14:10:00+05:30,481.85,487.0,481.85,487.0,2
412,2024-04-25 14:11:00+05:30,487.0,487.0,473.85,473.85,5
413,2024-04-25 14:12:00+05:30,472.2,472.2,472.2,472.2,1
414,2024-04-25 14:13:00+05:30,465.6,465.6,465.6,465.6,1
415,2024-04-25 14:14:00+05:30,477.0,477.0,477.0,477.0,1
416,2024-04-25 14:15:00+05:30,470.85,470.85,470.85,470.85,1
417,2024-04-25 14:17:00+05:30,471.1,471.1,471.1,471.1,1
418,2024-04-25 14:20:00+05:30,483.85,483.85,478.95,483.85,5
419,2024-04-25 14:21:00+05:30,476.6,476.6,476.6,476.6,2
420,2024-04-25 14:22:00+05:30,477.95,477.95,477.95,477.95,1
421,2024-04-25 14:23:00+05:30,483.85,483.85,483.85,483.85,1
422,2024-04-25 14:24:00+05:30,483.85,483.85,483.85,483.85,1
423,2024-04-25 14:27:00+05:30,485.0,485.0,485.0,485.0,1
424,2024-04-25 14:28:00+05:30,481.0,481.0,481.0,481.0,14
425,2024-04-25 14:29:00+05:30,476.4,476.4,476.4,476.4,2
426,2024-04-25 14:34:00+05:30,490.0,490.0,490.0,490.0,1
427,2024-04-25 14:36:00+05:30,496.15,496.15,491.55,491.55,7
428,2024-04-25 14:37:00+05:30,492.3,492.3,492.3,492.3,10
429,2024-04-25 14:38:00+05:30,490.0,490.0,490.0,490.0,1
430,2024-04-25 14:39:00+05:30,482.85,487.85,482.85,487.85,3
431,2024-04-25 14:43:00+05:30,473.5,474.0,471.3,471.3,9
432,2024-04-25 14:44:00+05:30,462.75,462.75,462.75,462.75,3
433,2024-04-25 14:45:00+05:30,478.05,478.05,478.05,478.05,1
434,2024-04-25 14:56:00+05:30,470.0,470.0,470.0,470.0,1
435,2024-04-25 15:18:00+05:30,445.0,445.0,444.9,445.0,6
436,2024-04-25 15:26:00+05:30,443.65,444.6,443.2,444.6,13
437,2024-04-26 09:20:00+05:30,445.1,468.0,445.1,468.0,0
438,2024-04-26 09:21:00+05:30,468.0,468.0,461.75,461.75,14
439,2024-04-26 09:31:00+05:30,465.0,465.0,465.0,465.0,12
440,2024-04-26 09:40:00+05:30,474.7,474.7,474.7,474.7,1
441,2024-04-26 09:41:00+05:30,475.65,475.65,475.65,475.65,3
442,2024-04-26 09:59:00+05:30,457.3,457.45,457.3,457.3,3
443,2024-04-26 10:00:00+05:30,460.55,460.55,460.5,460.55,2
444,2024-04-26 10:01:00+05:30,460.55,460.55,454.15,454.15,74
445,2024-04-26 10:02:00+05:30,450.8,450.8,450.8,450.8,2
446,2024-04-26 10:03:00+05:30,441.05,443.65,441.05,442.0,10
447,2024-04-26 10:05:00+05:30,446.45,446.45,446.45,446.45,2
448,2024-04-26 10:06:00+05:30,440.95,440.95,440.95,440.95,1
449,2024-04-26 10:08:00+05:30,428.4,431.7,428.35,431.65,5
450,2024-04-26 10:09:00+05:30,432.65,435.25,432.65,435.25,3
451,2024-04-26 10:11:00+05:30,437.3,437.3,437.3,437.3,1
452,2024-04-26 10:14:00+05:30,437.0,437.0,436.15,437.0,36
453,2024-04-26 10:16:00+05:30,440.5,442.6,440.45,441.55,4
454,2024-04-26 10:19:00+05:30,432.1,432.1,427.1,432.1,5
455,2024-04-26 10:21:00+05:30,433.2,433.2,433.15,433.2,2
456,2024-04-26 10:22:00+05:30,437.25,437.25,437.25,437.25,1
457,2024-04-26 10:23:00+05:30,429.05,429.15,429.05,429.05,3
458,2024-04-26 10:25:00+05:30,432.1,432.1,432.1,432.1,2
459,2024-04-26 10:40:00+05:30,423.0,427.0,423.0,427.0,5
460,2024-04-26 10:41:00+05:30,434.0,434.0,434.0,434.0,1
461,2024-04-26 10:44:00+05:30,437.45,437.45,435.9,437.45,8
462,2024-04-26 10:45:00+05:30,439.2,439.2,439.2,439.2,2
463,2024-04-26 10:51:00+05:30,436.75,436.75,436.75,436.75,1
464,2024-04-26 10:57:00+05:30,444.55,444.55,444.55,444.55,1
465,2024-04-26 11:01:00+05:30,449.55,449.55,449.55,449.55,1
466,2024-04-26 11:02:00+05:30,443.0,443.0,443.0,443.0,2
467,2024-04-26 11:05:00+05:30,428.5,428.5,427.85,428.5,4
468,2024-04-26 11:07:00+05:30,433.25,433.25,430.55,433.25,8
469,2024-04-26 11:08:00+05:30,419.7,420.3,419.7,419.7,4
470,2024-04-26 11:16:00+05:30,430.1,430.1,428.2,430.1,4
471,2024-04-26 11:17:00+05:30,430.75,430.75,430.0,430.0,3
472,2024-04-26 11:18:00+05:30,430.0,430.0,430.0,430.0,1
473,2024-04-26 11:19:00+05:30,430.0,430.0,430.0,430.0,2
474,2024-04-26 11:23:00+05:30,433.25,433.25,433.1,433.25,2
475,2024-04-26 11:35:00+05:30,437.35,438.2,437.35,437.35,6
476,2024-04-26 11:42:00+05:30,437.35,437.35,437.35,437.35,8
477,2024-04-26 11:52:00+05:30,429.75,433.3,429.7,433.3,5
478,2024-04-26 12:00:00+05:30,418.9,420.45,418.9,420.45,10
479,2024-04-26 12:01:00+05:30,421.2,421.2,421.2,421.2,2
480,2024-04-26 12:12:00+05:30,430.45,430.45,430.45,430.45,2
481,2024-04-26 12:31:00+05:30,423.0,423.0,423.0,423.0,1
482,2024-04-26 12:35:00+05:30,429.5,429.5,427.15,429.5,8
483,2024-04-26 12:49:00+05:30,414.3,414.3,414.3,414.3,1
484,2024-04-26 12:50:00+05:30,412.0,412.0,412.0,412.0,1
485,2024-04-26 12:58:00+05:30,416.4,416.4,416.4,416.4,1
486,2024-04-26 12:59:00+05:30,413.5,413.5,413.0,413.0,2
487,2024-04-26 13:00:00+05:30,411.9,411.9,411.9,411.9,1
488,2024-04-26 13:06:00+05:30,420.7,420.7,420.7,420.7,1
489,2024-04-26 13:17:00+05:30,421.7,421.7,421.7,421.7,4
490,2024-04-26 13:19:00+05:30,407.25,407.25,407.1,407.25,10
491,2024-04-26 13:20:00+05:30,404.0,406.75,404.0,406.75,5
492,2024-04-26 13:26:00+05:30,403.15,403.25,403.15,403.15,2
493,2024-04-26 13:28:00+05:30,399.85,399.85,386.95,386.95,3
494,2024-04-26 13:29:00+05:30,386.95,386.95,386.25,386.95,10
495,2024-04-26 13:30:00+05:30,386.95,386.95,386.95,386.95,10
496,2024-04-26 13:31:00+05:30,381.5,381.5,376.95,376.95,8
497,2024-04-26 13:32:00+05:30,376.95,376.95,376.95,376.95,10
498,2024-04-26 13:33:00+05:30,386.85,386.85,386.85,386.85,1
499,2024-04-26 13:42:00+05:30,386.35,387.5,385.8,387.5,14
500,2024-04-26 13:43:00+05:30,393.0,393.0,393.0,393.0,1
501,2024-04-26 13:44:00+05:30,390.0,390.0,390.0,390.0,1
502,2024-04-26 13:47:00+05:30,388.0,388.0,387.9,387.9,5
503,2024-04-26 13:48:00+05:30,386.0,386.6,386.0,386.6,4
504,2024-04-26 13:49:00+05:30,384.0,384.0,382.65,382.65,13
505,2024-04-26 13:51:00+05:30,382.65,382.65,382.65,382.65,1
506,2024-04-26 13:52:00+05:30,382.6,382.6,380.0,380.0,10
507,2024-04-26 13:54:00+05:30,384.05,384.05,380.0,380.0,8
508,2024-04-26 13:55:00+05:30,380.0,380.0,380.0,380.0,2
509,2024-04-26 13:56:00+05:30,380.0,380.0,380.0,380.0,34
510,2024-04-26 13:58:00+05:30,380.2,380.2,380.2,380.2,1
511,2024-04-26 13:59:00+05:30,381.0,381.0,381.0,381.0,1
512,2024-04-26 14:08:00+05:30,382.15,382.15,382.15,382.15,1
513,2024-04-26 14:14:00+05:30,392.9,392.9,392.9,392.9,4
514,2024-04-26 14:15:00+05:30,399.5,399.5,399.5,399.5,1
515,2024-04-26 14:16:00+05:30,399.5,399.5,399.5,399.5,12
516,2024-04-26 14:17:00+05:30,403.0,403.0,403.0,403.0,1
517,2024-04-26 14:18:00+05:30,403.0,403.0,403.0,403.0,30
518,2024-04-26 14:21:00+05:30,398.25,398.25,398.25,398.25,1
519,2024-04-26 14:22:00+05:30,388.6,388.6,388.6,388.6,3
520,2024-04-26 14:23:00+05:30,390.85,390.85,390.85,390.85,1
521,2024-04-26 14:25:00+05:30,386.45,386.45,386.45,386.45,8
522,2024-04-26 14:27:00+05:30,384.4,384.4,384.4,384.4,2
523,2024-04-26 14:32:00+05:30,383.0,383.0,383.0,383.0,1
524,2024-04-26 14:34:00+05:30,382.4,382.7,382.4,382.4,4
525,2024-04-26 14:36:00+05:30,387.0,387.0,387.0,387.0,1
526,2024-04-26 14:38:00+05:30,389.9,389.9,389.9,389.9,1
527,2024-04-26 14:47:00+05:30,398.75,398.75,398.75,398.75,1
528,2024-04-26 14:51:00+05:30,410.9,410.9,410.9,410.9,6
529,2024-04-26 14:55:00+05:30,392.0,392.0,392.0,392.0,4
530,2024-04-26 14:56:00+05:30,392.0,392.0,392.0,392.0,2
531,2024-04-26 14:57:00+05:30,392.0,392.0,392.0,392.0,2
532,2024-04-26 14:58:00+05:30,393.0,393.0,392.95,393.0,4
533,2024-04-26 15:01:00+05:30,390.9,390.9,388.45,390.9,4
534,2024-04-26 15:02:00+05:30,389.2,389.2,385.0,385.0,4
535,2024-04-26 15:03:00+05:30,380.3,383.3,380.0,380.0,11
536,2024-04-26 15:04:00+05:30,376.9,376.95,376.9,376.9,2
537,2024-04-26 15:05:00+05:30,384.75,384.75,384.75,384.75,1
538,2024-04-26 15:06:00+05:30,375.0,375.0,375.0,375.0,1
539,2024-04-26 15:07:00+05:30,372.0,372.0,372.0,372.0,3
540,2024-04-26 15:08:00+05:30,372.0,377.15,371.05,377.15,6
541,2024-04-26 15:09:00+05:30,373.75,377.3,373.75,377.3,10
542,2024-04-26 15:12:00+05:30,377.0,377.0,377.0,377.0,4
543,2024-04-26 15:14:00+05:30,382.6,382.6,382.6,382.6,2
544,2024-04-26 15:15:00+05:30,395.0,398.45,394.95,397.45,19
545,2024-04-26 15:16:00+05:30,392.4,392.4,392.4,392.4,1
546,2024-04-26 15:17:00+05:30,395.25,395.25,395.0,395.0,3
547,2024-04-26 15:19:00+05:30,395.4,395.4,395.35,395.4,2
548,2024-04-26 15:20:00+05:30,398.0,400.95,398.0,399.0,7
549,2024-04-26 15:21:00+05:30,402.0,408.0,402.0,408.0,5
550,2024-04-26 15:22:00+05:30,402.05,402.3,400.0,400.0,6
551,2024-04-26 15:25:00+05:30,393.85,393.85,393.85,393.85,1
552,2024-04-26 15:26:00+05:30,399.3,399.3,399.3,399.3,1
553,2024-04-26 15:27:00+05:30,396.65,397.5,396.5,397.5,4
554,2024-04-26 15:28:00+05:30,398.0,398.0,398.0,398.0,2
555,2024-04-26 15:29:00+05:30,393.7,393.7,393.7,393.7,1
556,2024-04-29 09:19:00+05:30,410.0,410.0,410.0,410.0,0
557,2024-04-29 09:20:00+05:30,420.0,420.0,419.35,419.35,2
558,2024-04-29 09:21:00+05:30,424.9,424.9,424.9,424.9,10
559,2024-04-29 09:22:00+05:30,427.75,427.75,427.75,427.75,3
560,2024-04-29 09:25:00+05:30,426.8,426.8,426.8,426.8,1
561,2024-04-29 09:26:00+05:30,432.6,432.6,432.6,432.6,1
562,2024-04-29 09:29:00+05:30,427.75,428.55,427.75,427.75,44
563,2024-04-29 09:31:00+05:30,426.65,426.65,426.65,426.65,1
564,2024-04-29 09:37:00+05:30,426.0,426.0,421.9,421.9,3
565,2024-04-29 09:38:00+05:30,417.55,420.0,417.55,417.55,3
566,2024-04-29 09:39:00+05:30,421.9,421.9,418.55,419.8,5
567,2024-04-29 09:40:00+05:30,419.8,421.75,419.8,421.75,4
568,2024-04-29 09:43:00+05:30,407.3,407.3,407.3,407.3,1
569,2024-04-29 09:44:00+05:30,415.6,415.6,415.55,415.6,2
570,2024-04-29 09:46:00+05:30,408.0,409.0,405.0,405.0,9
571,2024-04-29 09:48:00+05:30,404.85,404.85,404.85,404.85,1
572,2024-04-29 09:49:00+05:30,397.0,397.0,397.0,397.0,4
573,2024-04-29 09:50:00+05:30,391.85,410.9,391.35,391.85,4
574,2024-04-29 09:51:00+05:30,392.95,392.95,392.95,392.95,3
575,2024-04-29 09:55:00+05:30,399.75,399.75,399.75,399.75,2
576,2024-04-29 09:56:00+05:30,401.7,401.7,399.75,399.75,3
577,2024-04-29 09:58:00+05:30,394.5,394.5,386.45,387.55,4
578,2024-04-29 10:05:00+05:30,402.65,402.65,402.65,402.65,1
579,2024-04-29 10:06:00+05:30,405.0,405.0,405.0,405.0,1
580,2024-04-29 10:07:00+05:30,405.0,405.0,405.0,405.0,3
581,2024-04-29 10:08:00+05:30,411.95,411.95,411.95,411.95,4
582,2024-04-29 10:09:00+05:30,410.25,410.25,410.25,410.25,1
583,2024-04-29 10:10:00+05:30,415.0,415.0,414.1,415.0,18
584,2024-04-29 10:18:00+05:30,422.0,430.0,422.0,430.0,2
585,2024-04-29 10:19:00+05:30,433.0,433.0,430.0,430.0,27
586,2024-04-29 10:25:00+05:30,435.0,435.0,435.0,435.0,2
587,2024-04-29 10:28:00+05:30,440.3,440.3,435.65,435.65,5
588,2024-04-29 10:30:00+05:30,445.0,445.0,441.05,441.05,6
589,2024-04-29 10:31:00+05:30,448.8,448.8,443.8,443.8,6
590,2024-04-29 10:32:00+05:30,447.3,451.0,447.3,451.0,20
591,2024-04-29 10:35:00+05:30,447.9,447.9,447.9,447.9,1
592,2024-04-29 10:37:00+05:30,438.95,438.95,438.95,438.95,1
593,2024-04-29 10:40:00+05:30,438.95,438.95,438.95,438.95,2
594,2024-04-29 10:43:00+05:30,442.55,442.55,442.55,442.55,1
595,2024-04-29 10:46:00+05:30,435.0,435.0,435.0,435.0,2
596,2024-04-29 10:54:00+05:30,434.95,435.0,434.95,435.0,2
597,2024-04-29 10:58:00+05:30,441.0,441.0,441.0,441.0,1
598,2024-04-29 11:02:00+05:30,435.65,435.65,435.65,435.65,0
599,2024-04-29 11:03:00+05:30,435.65,435.65,435.65,435.65,0
600,2024-04-29 11:13:00+05:30,441.0,441.0,441.0,441.0,2
601,2024-04-29 11:17:00+05:30,447.0,447.0,447.0,447.0,4
602,2024-04-29 11:25:00+05:30,445.35,445.35,445.35,445.35,1
603,2024-04-29 11:26:00+05:30,445.5,445.5,445.5,445.5,2
604,2024-04-29 11:29:00+05:30,443.2,443.2,443.2,443.2,0
605,2024-04-29 11:30:00+05:30,443.2,443.2,443.2,443.2,0
606,2024-04-29 11:36:00+05:30,442.25,442.3,442.25,442.3,0
607,2024-04-29 11:37:00+05:30,442.3,442.3,441.8,441.8,1
608,2024-04-29 11:41:00+05:30,444.25,444.25,444.25,444.25,1
609,2024-04-29 11:51:00+05:30,447.6,447.6,447.6,447.6,2
610,2024-04-29 11:52:00+05:30,446.4,446.4,446.2,446.2,4
611,2024-04-29 11:56:00+05:30,444.1,444.1,443.3,444.0,6
612,2024-04-29 11:58:00+05:30,456.0,456.0,456.0,456.0,18
613,2024-04-29 12:00:00+05:30,452.7,453.25,452.7,452.7,4
614,2024-04-29 12:01:00+05:30,456.95,456.95,456.95,456.95,1
615,2024-04-29 12:07:00+05:30,462.05,462.05,460.5,461.1,6
616,2024-04-29 12:08:00+05:30,461.75,462.75,461.75,462.75,4
617,2024-04-29 12:14:00+05:30,449.05,456.95,445.05,448.9,15
618,2024-04-29 12:15:00+05:30,446.0,446.0,443.95,444.85,7
619,2024-04-29 12:16:00+05:30,448.3,450.45,448.3,449.95,8
620,2024-04-29 12:17:00+05:30,446.25,451.9,446.15,451.9,9
621,2024-04-29 12:18:00+05:30,452.0,452.0,452.0,452.0,1
622,2024-04-29 13:02:00+05:30,460.6,460.6,460.6,460.6,2
623,2024-04-29 13:03:00+05:30,461.55,461.55,461.55,461.55,2
624,2024-04-29 13:04:00+05:30,462.45,462.45,462.45,462.45,1
625,2024-04-29 13:07:00+05:30,461.0,461.0,461.0,461.0,2
626,2024-04-29 13:13:00+05:30,467.95,467.95,467.5,467.5,11
627,2024-04-29 13:23:00+05:30,470.0,470.0,470.0,470.0,7
628,2024-04-29 13:27:00+05:30,494.3,494.3,494.3,494.3,1
629,2024-04-29 13:32:00+05:30,490.0,490.0,490.0,490.0,2
630,2024-04-29 13:40:00+05:30,495.95,500.0,495.95,495.95,74
631,2024-04-29 13:46:00+05:30,491.0,491.0,491.0,491.0,1
632,2024-04-29 13:47:00+05:30,490.3,490.3,489.65,489.65,39
633,2024-04-29 13:48:00+05:30,486.35,486.35,486.35,486.35,1
634,2024-04-29 13:54:00+05:30,489.25,489.25,489.25,489.25,1
635,2024-04-29 14:17:00+05:30,493.0,493.0,493.0,493.0,1
636,2024-04-29 14:18:00+05:30,492.2,492.2,492.2,492.2,4
637,2024-04-29 14:25:00+05:30,505.75,505.75,505.75,505.75,6
638,2024-04-29 14:27:00+05:30,499.0,499.0,499.0,499.0,2
639,2024-04-29 14:33:00+05:30,496.2,496.2,496.2,496.2,2
640,2024-04-29 14:36:00+05:30,499.0,499.0,499.0,499.0,1
641,2024-04-29 15:06:00+05:30,504.8,504.8,504.8,504.8,4
642,2024-04-29 15:14:00+05:30,510.0,510.0,510.0,510.0,0
643,2024-04-29 15:15:00+05:30,510.0,510.0,510.0,510.0,0
644,2024-04-29 15:24:00+05:30,495.15,495.15,495.15,495.15,2
645,2024-04-29 15:25:00+05:30,499.0,499.0,499.0,499.0,1
646,2024-04-29 15:29:00+05:30,499.0,499.0,499.0,499.0,1
647,2024-04-30 09:36:00+05:30,514.1,514.1,514.1,514.1,0
648,2024-04-30 09:37:00+05:30,514.1,514.1,514.1,514.1,0
649,2024-04-30 09:41:00+05:30,538.85,538.9,534.8,534.8,6
650,2024-04-30 09:48:00+05:30,540.0,540.0,540.0,540.0,4
651,2024-04-30 09:49:00+05:30,557.75,557.75,557.75,557.75,0
652,2024-04-30 09:50:00+05:30,557.75,557.75,557.75,557.75,3
653,2024-04-30 09:58:00+05:30,563.0,563.0,563.0,563.0,1
654,2024-04-30 10:00:00+05:30,570.0,570.0,570.0,570.0,1
655,2024-04-30 10:01:00+05:30,570.0,570.0,570.0,570.0,4
656,2024-04-30 10:03:00+05:30,570.0,570.0,570.0,570.0,1
657,2024-04-30 10:08:00+05:30,520.1,520.1,520.1,520.1,2
658,2024-04-30 10:09:00+05:30,538.15,538.15,538.15,538.15,1
659,2024-04-30 10:19:00+05:30,555.85,555.85,555.85,555.85,1
660,2024-04-30 10:23:00+05:30,552.8,552.8,552.8,552.8,7
661,2024-04-30 11:06:00+05:30,540.35,542.3,540.35,542.3,31
662,2024-04-30 11:10:00+05:30,560.0,560.0,560.0,560.0,4
663,2024-04-30 11:22:00+05:30,554.0,554.0,554.0,554.0,1
664,2024-04-30 11:24:00+05:30,560.0,560.0,560.0,560.0,4
665,2024-04-30 11:41:00+05:30,560.0,560.0,560.0,560.0,4
666,2024-04-30 11:42:00+05:30,560.0,560.0,560.0,560.0,4
667,2024-04-30 11:59:00+05:30,554.0,554.0,554.0,554.0,4
668,2024-04-30 12:26:00+05:30,559.2,559.2,559.2,559.2,5
669,2024-04-30 12:37:00+05:30,565.0,565.0,565.0,565.0,6
670,2024-04-30 12:38:00+05:30,561.0,561.0,561.0,561.0,6
671,2024-04-30 12:40:00+05:30,557.0,557.0,557.0,557.0,6
672,2024-04-30 12:41:00+05:30,548.0,548.0,548.0,548.0,6
673,2024-04-30 13:23:00+05:30,547.0,547.0,547.0,547.0,4
674,2024-04-30 14:11:00+05:30,557.85,557.85,557.85,557.85,1
675,2024-04-30 14:44:00+05:30,555.0,555.0,555.0,555.0,2
676,2024-04-30 14:51:00+05:30,520.1,520.15,520.1,520.1,5
677,2024-04-30 14:52:00+05:30,513.35,513.35,513.35,513.35,1
678,2024-04-30 14:55:00+05:30,524.0,524.0,524.0,524.0,2
679,2024-04-30 15:00:00+05:30,503.5,503.5,503.5,503.5,2
680,2024-04-30 15:05:00+05:30,481.5,481.5,481.5,481.5,4
681,2024-04-30 15:06:00+05:30,483.8,483.8,474.1,474.1,2
682,2024-04-30 15:13:00+05:30,480.85,485.9,480.85,485.9,4
683,2024-04-30 15:20:00+05:30,473.35,474.05,473.35,474.05,21
684,2024-04-30 15:21:00+05:30,473.4,473.45,473.05,473.15,37
685,2024-04-30 15:22:00+05:30,473.2,473.3,467.95,467.95,36
686,2024-04-30 15:23:00+05:30,467.85,471.45,467.8,470.0,59
687,2024-04-30 15:24:00+05:30,468.85,468.85,468.65,468.65,12
688,2024-04-30 15:25:00+05:30,468.65,471.0,468.65,471.0,10
689,2024-04-30 15:29:00+05:30,472.0,472.0,472.0,472.0,1
690,2024-05-02 09:17:00+05:30,472.0,472.0,472.0,472.0,0
691,2024-05-02 09:18:00+05:30,488.0,488.0,486.0,486.0,5
692,2024-05-02 09:32:00+05:30,472.85,472.85,472.85,472.85,2
693,2024-05-02 09:33:00+05:30,469.5,476.15,469.5,473.35,3
694,2024-05-02 09:34:00+05:30,473.9,473.9,472.4,472.4,2
695,2024-05-02 09:36:00+05:30,466.6,475.5,464.8,466.3,17
696,2024-05-02 09:37:00+05:30,481.85,481.85,481.85,481.85,4
697,2024-05-02 09:48:00+05:30,490.0,490.0,490.0,490.0,1
698,2024-05-02 09:52:00+05:30,475.0,475.0,475.0,475.0,1
699,2024-05-02 09:54:00+05:30,479.6,479.6,479.6,479.6,1
700,2024-05-02 10:18:00+05:30,510.0,513.05,510.0,513.05,1
701,2024-05-02 10:19:00+05:30,513.05,513.05,513.05,513.05,2
702,2024-05-02 10:23:00+05:30,502.4,502.4,502.4,502.4,3
703,2024-05-02 10:35:00+05:30,480.05,504.55,480.05,480.05,4
704,2024-05-02 10:40:00+05:30,517.65,517.65,515.0,517.65,10
705,2024-05-02 10:44:00+05:30,517.65,517.65,517.65,517.65,1
706,2024-05-02 10:47:00+05:30,516.25,516.25,516.25,516.25,1
707,2024-05-02 10:57:00+05:30,516.7,516.7,516.7,516.7,12
708,2024-05-02 11:10:00+05:30,511.9,516.75,511.9,516.75,0
709,2024-05-02 11:11:00+05:30,516.75,516.75,516.75,516.75,0
710,2024-05-02 11:19:00+05:30,478.35,490.05,478.35,478.35,72
711,2024-05-02 11:32:00+05:30,521.0,521.0,520.05,521.0,18
712,2024-05-02 11:38:00+05:30,535.0,535.0,535.0,535.0,2
713,2024-05-02 11:42:00+05:30,525.1,525.85,525.1,525.1,72
714,2024-05-02 11:43:00+05:30,525.7,525.7,525.7,525.7,30
715,2024-05-02 11:54:00+05:30,521.75,521.75,521.75,521.75,2
716,2024-05-02 12:04:00+05:30,531.1,531.1,531.1,531.1,2
717,2024-05-02 12:06:00+05:30,534.0,534.0,534.0,534.0,1
718,2024-05-02 12:07:00+05:30,530.35,530.35,530.35,530.35,10
719,2024-05-02 12:08:00+05:30,530.35,530.35,530.35,530.35,10
720,2024-05-02 12:09:00+05:30,528.05,528.1,528.05,528.05,8
721,2024-05-02 12:11:00+05:30,519.95,519.95,519.95,519.95,2
722,2024-05-02 12:35:00+05:30,521.25,521.25,521.25,521.25,4
723,2024-05-02 13:50:00+05:30,535.0,535.0,534.95,535.0,3
724,2024-05-02 14:14:00+05:30,513.15,513.15,513.15,513.15,0
725,2024-05-02 14:15:00+05:30,513.15,513.15,513.15,513.15,0
726,2024-05-02 14:16:00+05:30,512.9,512.9,512.9,512.9,0
727,2024-05-02 14:17:00+05:30,512.9,522.15,512.9,522.15,1
728,2024-05-02 14:18:00+05:30,510.05,510.05,510.0,510.0,0
729,2024-05-02 14:19:00+05:30,510.0,510.0,510.0,510.0,0
730,2024-05-02 14:21:00+05:30,504.75,504.75,502.9,502.9,5
731,2024-05-02 14:22:00+05:30,502.9,502.9,500.0,500.0,1
732,2024-05-02 14:23:00+05:30,500.0,500.0,496.55,496.55,3
733,2024-05-02 14:24:00+05:30,498.0,498.0,498.0,498.0,4
734,2024-05-02 14:25:00+05:30,505.9,505.9,505.9,505.9,2
735,2024-05-02 14:28:00+05:30,498.0,498.0,498.0,498.0,1
736,2024-05-02 14:29:00+05:30,495.9,500.05,495.9,497.95,48
737,2024-05-02 14:30:00+05:30,498.5,498.5,498.5,498.5,4
738,2024-05-02 14:32:00+05:30,503.8,510.0,503.8,510.0,9
739,2024-05-02 14:40:00+05:30,500.15,500.15,500.15,500.15,1
740,2024-05-02 14:58:00+05:30,527.0,527.0,527.0,527.0,1
741,2024-05-02 14:59:00+05:30,524.6,524.6,517.95,517.95,7
742,2024-05-02 15:01:00+05:30,507.85,507.85,507.85,507.85,4
743,2024-05-02 15:02:00+05:30,510.55,510.55,510.55,510.55,2
744,2024-05-02 15:09:00+05:30,513.3,513.3,513.3,513.3,1
745,2024-05-02 15:10:00+05:30,511.55,511.55,511.55,511.55,4
746,2024-05-02 15:11:00+05:30,510.25,510.25,510.25,510.25,1
747,2024-05-02 15:14:00+05:30,503.05,503.05,503.05,503.05,1
748,2024-05-02 15:15:00+05:30,501.15,501.15,501.15,501.15,0
749,2024-05-02 15:16:00+05:30,501.15,501.15,501.15,501.15,0
750,2024-05-02 15:17:00+05:30,505.0,505.1,505.0,505.1,6
751,2024-05-02 15:18:00+05:30,505.55,505.6,505.55,505.55,4
752,2024-05-02 15:23:00+05:30,509.25,509.25,509.25,509.25,0
753,2024-05-02 15:24:00+05:30,509.25,509.25,509.25,509.25,0
754,2024-05-02 15:25:00+05:30,507.1,507.1,507.1,507.1,7
755,2024-05-02 15:26:00+05:30,508.8,508.8,507.1,508.8,6
756,2024-05-02 15:27:00+05:30,507.3,507.3,507.3,507.3,10
757,2024-05-02 15:28:00+05:30,507.15,507.15,507.15,507.15,4
758,2024-05-02 15:29:00+05:30,507.15,507.15,507.15,507.15,1
759,2024-05-03 09:15:00+05:30,565.0,565.0,559.35,563.05,10
760,2024-05-03 09:16:00+05:30,580.0,580.0,573.0,573.0,7
761,2024-05-03 09:17:00+05:30,580.0,585.25,575.35,580.0,20
762,2024-05-03 09:19:00+05:30,573.05,573.05,573.05,573.05,4
763,2024-05-03 09:20:00+05:30,578.6,579.95,574.0,574.0,23
764,2024-05-03 09:21:00+05:30,574.95,574.95,574.95,574.95,10
765,2024-05-03 09:22:00+05:30,580.0,583.0,580.0,583.0,10
766,2024-05-03 09:23:00+05:30,588.0,588.0,584.0,584.0,48
767,2024-05-03 09:26:00+05:30,581.45,585.0,581.45,581.45,8
768,2024-05-03 09:33:00+05:30,580.0,580.0,580.0,580.0,1
769,2024-05-03 09:37:00+05:30,572.0,572.0,572.0,572.0,2
770,2024-05-03 09:40:00+05:30,573.0,573.0,573.0,573.0,2
771,2024-05-03 09:41:00+05:30,577.0,577.0,577.0,577.0,4
772,2024-05-03 09:42:00+05:30,573.0,573.0,573.0,573.0,4
773,2024-05-03 09:46:00+05:30,580.05,580.05,580.05,580.05,4
774,2024-05-03 09:48:00+05:30,581.0,581.0,581.0,581.0,17
775,2024-05-03 09:53:00+05:30,576.0,576.0,576.0,576.0,2
776,2024-05-03 10:01:00+05:30,576.5,576.5,576.5,576.5,2
777,2024-05-03 10:05:00+05:30,544.05,550.0,544.05,548.05,22
778,2024-05-03 10:06:00+05:30,543.0,543.0,543.0,543.0,0
779,2024-05-03 10:07:00+05:30,543.0,543.0,543.0,543.0,0
780,2024-05-03 10:08:00+05:30,540.0,540.0,540.0,540.0,1
781,2024-05-03 10:09:00+05:30,547.95,547.95,547.3,547.95,40
782,2024-05-03 10:10:00+05:30,540.0,540.0,540.0,540.0,2
783,2024-05-03 10:11:00+05:30,530.0,530.0,530.0,530.0,8
784,2024-05-03 10:13:00+05:30,529.0,529.0,529.0,529.0,2
785,2024-05-03 10:16:00+05:30,522.0,522.0,522.0,522.0,1
786,2024-05-03 10:17:00+05:30,525.0,528.95,525.0,528.95,9
787,2024-05-03 10:20:00+05:30,521.5,521.5,521.5,521.5,2
788,2024-05-03 10:21:00+05:30,507.65,507.65,507.65,507.65,1
789,2024-05-03 10:22:00+05:30,504.0,504.0,493.0,494.0,51
790,2024-05-03 10:23:00+05:30,493.0,493.0,493.0,493.0,17
791,2024-05-03 10:24:00+05:30,501.0,501.0,500.45,501.0,44
792,2024-05-03 10:30:00+05:30,503.95,503.95,503.95,503.95,1
793,2024-05-03 10:31:00+05:30,500.0,505.0,500.0,505.0,3
794,2024-05-03 10:32:00+05:30,507.9,507.9,507.9,507.9,2
795,2024-05-03 10:39:00+05:30,503.0,503.0,493.0,493.0,59
796,2024-05-03 10:40:00+05:30,490.0,490.0,475.05,475.05,8
797,2024-05-03 10:41:00+05:30,482.45,482.45,482.45,482.45,1
798,2024-05-03 10:42:00+05:30,482.45,482.45,482.45,482.45,1
799,2024-05-03 10:43:00+05:30,488.95,488.95,488.95,488.95,1
800,2024-05-03 10:44:00+05:30,485.0,485.0,485.0,485.0,1
801,2024-05-03 10:45:00+05:30,485.0,485.0,485.0,485.0,1
802,2024-05-03 10:46:00+05:30,480.0,480.0,480.0,480.0,2
803,2024-05-03 10:47:00+05:30,476.6,478.85,475.05,478.0,10
804,2024-05-03 10:48:00+05:30,475.0,475.05,475.0,475.0,20
805,2024-05-03 10:49:00+05:30,470.0,470.0,470.0,470.0,3
806,2024-05-03 10:50:00+05:30,484.0,484.0,484.0,484.0,1
807,2024-05-03 10:51:00+05:30,481.55,481.55,481.55,481.55,1
808,2024-05-03 10:52:00+05:30,485.5,485.5,485.5,485.5,1
809,2024-05-03 10:55:00+05:30,489.5,489.5,488.95,489.5,40
810,2024-05-03 10:57:00+05:30,480.0,480.0,478.8,478.8,21
811,2024-05-03 10:58:00+05:30,479.95,479.95,479.95,479.95,1
812,2024-05-03 11:00:00+05:30,464.55,464.55,460.0,460.0,13
813,2024-05-03 11:02:00+05:30,466.0,466.0,462.05,462.05,2
814,2024-05-03 11:03:00+05:30,468.4,468.4,465.0,465.0,2
815,2024-05-03 11:04:00+05:30,464.45,464.45,460.0,460.0,14
816,2024-05-03 11:07:00+05:30,464.6,464.65,464.6,464.6,12
817,2024-05-03 11:08:00+05:30,470.0,470.15,470.0,470.1,14
818,2024-05-03 11:09:00+05:30,467.6,467.6,467.6,467.6,1
819,2024-05-03 11:10:00+05:30,467.6,472.1,467.6,472.1,7
820,2024-05-03 11:11:00+05:30,471.15,476.8,471.15,476.8,3
821,2024-05-03 11:12:00+05:30,471.0,471.0,469.5,471.0,21
822,2024-05-03 11:14:00+05:30,470.0,470.0,470.0,470.0,3
823,2024-05-03 11:16:00+05:30,467.5,467.5,467.45,467.5,10
824,2024-05-03 11:17:00+05:30,460.0,460.0,460.0,460.0,35
825,2024-05-03 11:18:00+05:30,461.75,461.75,461.75,461.75,5
826,2024-05-03 11:19:00+05:30,459.25,459.25,452.45,452.45,17
827,2024-05-03 11:20:00+05:30,449.95,449.95,449.95,449.95,3
828,2024-05-03 11:21:00+05:30,438.3,438.3,434.3,435.0,3
829,2024-05-03 11:22:00+05:30,435.0,435.0,427.9,427.9,72
830,2024-05-03 11:23:00+05:30,425.0,425.0,425.0,425.0,2
831,2024-05-03 11:24:00+05:30,428.3,428.3,427.45,427.45,5
832,2024-05-03 11:25:00+05:30,430.85,430.85,430.85,430.85,1
833,2024-05-03 11:26:00+05:30,429.75,430.55,429.75,430.55,5
834,2024-05-03 11:27:00+05:30,432.4,432.4,432.4,432.4,2
835,2024-05-03 11:29:00+05:30,426.0,426.0,426.0,426.0,1
836,2024-05-03 11:30:00+05:30,410.0,410.0,410.0,410.0,1
837,2024-05-03 11:31:00+05:30,403.2,403.9,403.2,403.2,10
838,2024-05-03 11:32:00+05:30,408.55,409.35,405.0,405.05,31
839,2024-05-03 11:33:00+05:30,407.45,407.45,407.45,407.45,2
840,2024-05-03 11:34:00+05:30,404.7,405.4,404.7,405.4,3
841,2024-05-03 11:35:00+05:30,407.1,408.3,406.8,407.6,6
842,2024-05-03 11:36:00+05:30,407.6,409.45,395.5,398.45,19
843,2024-05-03 11:37:00+05:30,394.8,396.05,391.9,395.95,14
844,2024-05-03 11:38:00+05:30,394.5,395.15,390.0,394.05,25
845,2024-05-03 11:39:00+05:30,396.9,397.75,396.9,397.75,2
846,2024-05-03 11:40:00+05:30,396.25,397.75,395.0,395.0,9
847,2024-05-03 11:42:00+05:30,405.85,405.9,405.85,405.85,20
848,2024-05-03 11:43:00+05:30,409.45,409.45,404.65,405.75,21
849,2024-05-03 11:44:00+05:30,409.9,409.9,408.75,408.8,15
850,2024-05-03 11:45:00+05:30,408.0,408.0,408.0,408.0,14
851,2024-05-03 11:46:00+05:30,406.75,406.75,398.6,400.0,57
852,2024-05-03 11:47:00+05:30,399.7,400.0,399.05,399.6,11
853,2024-05-03 11:48:00+05:30,402.2,404.15,392.05,392.05,9
854,2024-05-03 11:49:00+05:30,390.0,396.05,390.0,396.05,14
855,2024-05-03 11:50:00+05:30,393.0,393.0,388.75,389.25,15
856,2024-05-03 11:51:00+05:30,387.45,387.45,382.85,385.65,4
857,2024-05-03 11:52:00+05:30,385.95,385.95,384.2,384.75,3
858,2024-05-03 11:53:00+05:30,380.0,380.75,377.85,380.75,5
859,2024-05-03 11:54:00+05:30,380.75,387.2,380.75,387.2,55
860,2024-05-03 11:55:00+05:30,390.3,390.3,384.0,387.0,20
861,2024-05-03 11:56:00+05:30,386.6,388.1,386.6,388.1,4
862,2024-05-03 11:57:00+05:30,389.05,392.6,389.05,392.6,5
863,2024-05-03 11:58:00+05:30,392.2,395.0,390.35,395.0,81
864,2024-05-03 11:59:00+05:30,397.6,397.6,391.3,391.3,70
865,2024-05-03 12:00:00+05:30,391.3,396.2,391.3,396.0,68
866,2024-05-03 12:01:00+05:30,398.0,398.0,390.25,390.25,10
867,2024-05-03 12:02:00+05:30,384.0,384.35,383.4,384.35,11
868,2024-05-03 12:03:00+05:30,391.5,391.5,390.1,391.5,72
869,2024-05-03 12:04:00+05:30,392.95,392.95,392.95,392.95,4
870,2024-05-03 12:05:00+05:30,390.0,393.2,390.0,393.2,14
871,2024-05-03 12:06:00+05:30,391.8,392.85,391.05,392.85,35
872,2024-05-03 12:07:00+05:30,398.7,398.7,398.7,398.7,1
873,2024-05-03 12:08:00+05:30,396.8,397.0,396.8,397.0,5
874,2024-05-03 12:09:00+05:30,393.35,393.35,391.8,391.8,4
875,2024-05-03 12:10:00+05:30,390.0,390.35,387.35,387.35,45
876,2024-05-03 12:11:00+05:30,386.65,386.65,383.8,385.9,10
877,2024-05-03 12:13:00+05:30,387.7,387.7,385.0,385.0,35
878,2024-05-03 12:14:00+05:30,390.4,390.4,390.4,390.4,3
879,2024-05-03 12:15:00+05:30,385.45,388.35,385.4,388.35,10
880,2024-05-03 12:16:00+05:30,390.0,392.55,390.0,390.25,9
881,2024-05-03 12:17:00+05:30,393.25,394.1,393.25,393.75,4
882,2024-05-03 12:18:00+05:30,393.45,393.45,393.45,393.45,2
883,2024-05-03 12:20:00+05:30,397.0,397.7,397.0,397.5,5
884,2024-05-03 12:21:00+05:30,400.0,400.0,400.0,400.0,2
885,2024-05-03 12:22:00+05:30,401.05,403.0,400.6,402.2,7
886,2024-05-03 12:23:00+05:30,402.2,404.6,402.2,403.6,6
887,2024-05-03 12:25:00+05:30,407.15,408.0,407.15,408.0,2
888,2024-05-03 12:26:00+05:30,407.15,407.15,402.3,402.3,3
889,2024-05-03 12:27:00+05:30,403.05,403.05,398.5,398.5,13
890,2024-05-03 12:28:00+05:30,399.65,399.65,399.65,399.65,1
891,2024-05-03 12:29:00+05:30,397.8,397.8,397.8,397.8,1
892,2024-05-03 12:30:00+05:30,400.0,400.0,395.85,395.85,2
893,2024-05-03 12:31:00+05:30,394.15,395.65,394.15,394.15,6
894,2024-05-03 12:32:00+05:30,396.3,397.85,396.3,397.85,5
895,2024-05-03 12:33:00+05:30,393.55,393.55,393.55,393.55,1
896,2024-05-03 12:35:00+05:30,396.95,397.6,396.95,397.6,2
897,2024-05-03 12:38:00+05:30,397.6,397.6,397.6,397.6,1
898,2024-05-03 12:39:00+05:30,402.35,402.35,402.0,402.35,5
899,2024-05-03 12:40:00+05:30,405.5,410.55,405.5,410.55,5
900,2024-05-03 12:41:00+05:30,414.0,414.0,414.0,414.0,1
901,2024-05-03 12:42:00+05:30,416.0,418.7,412.45,412.45,27
902,2024-05-03 12:43:00+05:30,419.1,419.1,418.55,418.55,2
903,2024-05-03 12:45:00+05:30,417.5,419.85,417.2,417.2,24
904,2024-05-03 12:46:00+05:30,415.0,415.0,415.0,415.0,1
905,2024-05-03 12:47:00+05:30,415.0,415.0,410.5,410.5,6
906,2024-05-03 12:48:00+05:30,401.85,401.85,401.85,401.85,1
907,2024-05-03 12:49:00+05:30,400.05,400.05,400.05,400.05,1
908,2024-05-03 12:50:00+05:30,394.0,396.1,393.65,396.1,9
909,2024-05-03 12:51:00+05:30,391.75,391.75,372.5,375.25,76
910,2024-05-03 12:52:00+05:30,376.9,376.9,360.0,365.65,54
911,2024-05-03 12:53:00+05:30,363.45,363.45,347.9,347.9,16
912,2024-05-03 12:54:00+05:30,351.1,353.0,347.9,348.7,53
913,2024-05-03 12:55:00+05:30,346.0,348.2,342.0,343.15,34
914,2024-05-03 12:56:00+05:30,349.55,350.45,344.75,345.25,161
915,2024-05-03 12:57:00+05:30,345.25,349.1,338.55,340.5,116
916,2024-05-03 12:58:00+05:30,338.1,344.05,335.25,341.5,74
917,2024-05-03 12:59:00+05:30,341.5,342.15,335.0,339.8,23
918,2024-05-03 13:00:00+05:30,339.8,339.8,331.25,334.95,81
919,2024-05-03 13:01:00+05:30,332.8,336.0,331.0,336.0,17
920,2024-05-03 13:02:00+05:30,336.0,338.15,332.9,332.9,75
921,2024-05-03 13:03:00+05:30,335.0,339.25,331.0,331.0,24
922,2024-05-03 13:04:00+05:30,332.0,334.6,331.0,332.95,95
923,2024-05-03 13:05:00+05:30,335.05,339.05,334.3,337.85,63
924,2024-05-03 13:06:00+05:30,336.85,342.8,336.85,340.65,38
925,2024-05-03 13:07:00+05:30,340.05,344.75,340.05,342.8,42
926,2024-05-03 13:08:00+05:30,342.2,342.2,338.9,340.0,36
927,2024-05-03 13:09:00+05:30,340.0,342.55,340.0,342.55,3
928,2024-05-03 13:10:00+05:30,341.55,341.55,334.55,334.8,61
929,2024-05-03 13:11:00+05:30,341.5,342.5,341.5,342.4,24
930,2024-05-03 13:12:00+05:30,342.3,342.3,342.3,342.3,2
931,2024-05-03 13:13:00+05:30,345.0,348.0,345.0,348.0,4
932,2024-05-03 13:14:00+05:30,348.0,348.0,340.55,340.9,43
933,2024-05-03 13:15:00+05:30,340.9,342.75,339.0,339.0,10
934,2024-05-03 13:16:00+05:30,338.5,340.35,338.5,340.2,20
935,2024-05-03 13:17:00+05:30,340.7,342.05,333.9,333.9,20
936,2024-05-03 13:18:00+05:30,335.35,338.7,331.2,338.7,81
937,2024-05-03 13:19:00+05:30,342.15,342.15,340.9,341.85,29
938,2024-05-03 13:20:00+05:30,345.95,345.95,345.0,345.95,56
939,2024-05-03 13:21:00+05:30,342.7,344.9,342.7,343.5,3
940,2024-05-03 13:22:00+05:30,344.25,347.0,344.25,347.0,5
941,2024-05-03 13:23:00+05:30,340.9,342.3,340.9,340.9,83
942,2024-05-03 13:24:00+05:30,340.9,341.4,336.75,341.4,234
943,2024-05-03 13:25:00+05:30,344.1,344.1,339.8,342.6,6
944,2024-05-03 13:26:00+05:30,345.0,345.0,345.0,345.0,0
945,2024-05-03 13:27:00+05:30,345.0,349.0,345.0,348.6,331
946,2024-05-03 13:28:00+05:30,350.0,355.9,348.95,355.9,118
947,2024-05-03 13:29:00+05:30,357.45,357.45,353.0,353.0,30
948,2024-05-03 13:30:00+05:30,350.0,355.5,350.0,355.35,34
949,2024-05-03 13:31:00+05:30,350.0,350.05,343.55,345.5,13
950,2024-05-03 13:32:00+05:30,345.5,345.5,340.0,340.0,5
951,2024-05-03 13:33:00+05:30,340.0,340.0,340.0,340.0,2
952,2024-05-03 13:34:00+05:30,340.0,340.0,340.0,340.0,8
953,2024-05-03 13:35:00+05:30,340.0,340.0,340.0,340.0,12
954,2024-05-03 13:36:00+05:30,335.0,337.8,335.0,336.0,33
955,2024-05-03 13:37:00+05:30,334.5,334.5,326.75,326.75,49
956,2024-05-03 13:38:00+05:30,328.75,329.75,319.0,319.0,95
957,2024-05-03 13:39:00+05:30,317.4,317.4,306.75,311.35,51
958,2024-05-03 13:40:00+05:30,312.25,313.8,311.1,311.1,20
959,2024-05-03 13:41:00+05:30,310.7,317.6,310.7,317.6,20
960,2024-05-03 13:42:00+05:30,317.6,323.05,316.25,321.55,41
961,2024-05-03 13:43:00+05:30,320.8,323.1,320.8,323.1,22
962,2024-05-03 13:44:00+05:30,323.85,323.85,321.35,321.95,41
963,2024-05-03 13:45:00+05:30,320.55,323.0,320.3,323.0,67
964,2024-05-03 13:46:00+05:30,323.1,325.2,323.1,325.1,7
965,2024-05-03 13:47:00+05:30,323.0,323.0,317.5,317.5,143
966,2024-05-03 13:48:00+05:30,318.75,322.05,318.75,322.05,43
967,2024-05-03 13:49:00+05:30,323.7,324.6,320.0,320.0,34
968,2024-05-03 13:50:00+05:30,320.0,321.7,317.0,317.0,83
969,2024-05-03 13:51:00+05:30,316.25,316.25,305.0,305.3,113
970,2024-05-03 13:52:00+05:30,305.65,307.1,302.4,302.4,69
971,2024-05-03 13:53:00+05:30,305.45,308.2,303.2,307.05,79
972,2024-05-03 13:54:00+05:30,308.25,323.75,308.25,323.75,534
973,2024-05-03 13:55:00+05:30,323.7,331.7,323.7,331.0,128
974,2024-05-03 13:56:00+05:30,330.3,331.8,329.15,330.3,30
975,2024-05-03 13:57:00+05:30,332.9,333.9,326.2,326.2,139
976,2024-05-03 13:58:00+05:30,323.45,329.25,323.45,329.25,13
977,2024-05-03 13:59:00+05:30,328.2,328.85,326.5,326.5,15
978,2024-05-03 14:00:00+05:30,329.1,330.4,327.0,327.0,35
979,2024-05-03 14:01:00+05:30,324.0,325.0,321.7,321.7,3
980,2024-05-03 14:02:00+05:30,321.7,324.0,321.7,324.0,19
981,2024-05-03 14:03:00+05:30,329.05,329.15,329.05,329.05,40
982,2024-05-03 14:04:00+05:30,328.55,328.55,323.6,325.2,6
983,2024-05-03 14:05:00+05:30,326.0,331.35,326.0,331.35,24
984,2024-05-03 14:06:00+05:30,332.3,334.0,332.3,334.0,13
985,2024-05-03 14:07:00+05:30,334.7,335.5,328.5,328.5,62
986,2024-05-03 14:08:00+05:30,332.3,334.65,330.0,330.0,13
987,2024-05-03 14:09:00+05:30,328.9,330.0,328.4,328.9,12
988,2024-05-03 14:10:00+05:30,327.85,330.0,324.7,330.0,7
989,2024-05-03 14:11:00+05:30,331.0,333.2,330.0,333.2,65
990,2024-05-03 14:12:00+05:30,336.0,336.8,334.8,335.9,13
991,2024-05-03 14:13:00+05:30,337.95,339.35,334.0,334.0,49
992,2024-05-03 14:14:00+05:30,335.05,340.65,335.0,336.45,32
993,2024-05-03 14:15:00+05:30,335.1,338.8,335.1,336.85,64
994,2024-05-03 14:16:00+05:30,342.0,345.0,341.0,345.0,34
995,2024-05-03 14:17:00+05:30,345.6,350.0,345.1,349.2,163
996,2024-05-03 14:18:00+05:30,349.4,351.35,343.95,345.0,70
997,2024-05-03 14:19:00+05:30,342.05,342.05,337.45,337.45,21
998,2024-05-03 14:20:00+05:30,332.0,333.0,328.0,329.2,29
999,2024-05-03 14:21:00+05:30,337.5,337.5,337.5,337.5,1
1000,2024-05-03 14:22:00+05:30,331.7,331.7,329.1,330.0,4
1001,2024-05-03 14:23:00+05:30,336.85,336.85,334.75,334.75,26
1002,2024-05-03 14:24:00+05:30,332.55,332.55,332.55,332.55,1
1003,2024-05-03 14:25:00+05:30,330.0,330.0,327.45,328.0,9
1004,2024-05-03 14:26:00+05:30,326.7,326.7,325.0,325.0,15
1005,2024-05-03 14:27:00+05:30,322.55,328.0,322.55,328.0,9
1006,2024-05-03 14:28:00+05:30,331.65,336.0,331.65,335.95,26
1007,2024-05-03 14:29:00+05:30,337.05,339.5,335.65,335.65,25
1008,2024-05-03 14:30:00+05:30,338.35,340.2,336.95,339.6,99
1009,2024-05-03 14:31:00+05:30,343.0,343.0,337.0,337.0,21
1010,2024-05-03 14:32:00+05:30,339.0,339.65,336.2,336.2,16
1011,2024-05-03 14:33:00+05:30,337.35,340.6,337.35,340.6,13
1012,2024-05-03 14:34:00+05:30,341.15,343.7,340.35,343.7,9
1013,2024-05-03 14:35:00+05:30,347.5,347.5,343.1,344.3,64
1014,2024-05-03 14:36:00+05:30,347.2,347.3,344.0,344.0,5
1015,2024-05-03 14:37:00+05:30,350.0,350.15,348.0,349.25,44
1016,2024-05-03 14:38:00+05:30,350.8,354.2,348.1,351.3,36
1017,2024-05-03 14:39:00+05:30,355.0,358.05,355.0,355.0,90
1018,2024-05-03 14:40:00+05:30,354.05,357.3,354.05,356.0,14
1019,2024-05-03 14:41:00+05:30,346.15,348.85,343.75,348.6,9
1020,2024-05-03 14:42:00+05:30,351.35,359.0,351.35,356.75,33
1021,2024-05-03 14:43:00+05:30,358.1,360.0,357.0,360.0,88
1022,2024-05-03 14:44:00+05:30,356.6,356.95,356.45,356.95,4
1023,2024-05-03 14:45:00+05:30,357.25,357.8,349.75,349.75,52
1024,2024-05-03 14:46:00+05:30,349.75,352.45,349.6,350.7,18
1025,2024-05-03 14:47:00+05:30,351.7,351.7,351.55,351.55,3
1026,2024-05-03 14:48:00+05:30,354.0,354.0,350.0,350.05,38
1027,2024-05-03 14:49:00+05:30,349.3,352.4,345.0,352.4,54
1028,2024-05-03 14:50:00+05:30,352.3,352.3,346.7,347.6,12
1029,2024-05-03 14:51:00+05:30,350.75,350.75,348.5,348.5,8
1030,2024-05-03 14:52:00+05:30,350.35,350.35,343.0,343.0,9
1031,2024-05-03 14:53:00+05:30,348.0,348.0,348.0,348.0,3
1032,2024-05-03 14:54:00+05:30,347.4,347.4,345.05,345.05,2
1033,2024-05-03 14:55:00+05:30,345.05,349.45,345.05,349.45,2
1034,2024-05-03 14:56:00+05:30,348.6,348.6,348.6,348.6,16
1035,2024-05-03 14:57:00+05:30,351.05,351.05,350.95,350.95,3
1036,2024-05-03 14:58:00+05:30,355.0,355.3,350.65,352.0,28
1037,2024-05-03 14:59:00+05:30,358.0,358.0,357.95,358.0,9
1038,2024-05-03 15:00:00+05:30,360.0,360.0,350.35,355.05,52
1039,2024-05-03 15:01:00+05:30,359.2,359.2,359.05,359.2,8
1040,2024-05-03 15:02:00+05:30,361.0,364.0,359.25,361.15,43
1041,2024-05-03 15:03:00+05:30,362.25,362.35,353.25,353.25,27
1042,2024-05-03 15:04:00+05:30,355.55,361.95,355.55,361.95,6
1043,2024-05-03 15:05:00+05:30,361.95,361.95,358.05,358.05,10
1044,2024-05-03 15:06:00+05:30,363.0,363.0,362.8,362.8,4
1045,2024-05-03 15:07:00+05:30,360.5,361.9,357.0,357.0,13
1046,2024-05-03 15:08:00+05:30,357.3,357.3,355.0,355.0,100
1047,2024-05-03 15:09:00+05:30,355.0,357.55,355.0,357.55,4
1048,2024-05-03 15:10:00+05:30,358.35,360.9,358.3,358.3,56
1049,2024-05-03 15:11:00+05:30,358.3,360.15,358.3,360.15,20
1050,2024-05-03 15:12:00+05:30,362.0,362.2,362.0,362.1,48
1051,2024-05-03 15:13:00+05:30,363.0,366.95,362.35,366.95,93
1052,2024-05-03 15:14:00+05:30,366.55,369.75,366.2,369.75,20
1053,2024-05-03 15:15:00+05:30,369.75,371.8,368.0,368.0,55
1054,2024-05-03 15:16:00+05:30,370.0,371.5,370.0,371.5,18
1055,2024-05-03 15:17:00+05:30,372.0,374.2,370.9,371.6,23
1056,2024-05-03 15:18:00+05:30,371.6,371.6,362.75,364.8,57
1057,2024-05-03 15:19:00+05:30,364.15,365.0,362.25,363.75,28
1058,2024-05-03 15:21:00+05:30,364.25,365.0,364.25,365.0,3
1059,2024-05-03 15:22:00+05:30,365.0,365.0,359.3,359.7,22
1060,2024-05-03 15:23:00+05:30,358.8,359.05,356.25,356.25,45
1061,2024-05-03 15:24:00+05:30,352.85,353.0,352.85,352.85,8
1062,2024-05-03 15:25:00+05:30,354.3,355.6,353.4,353.4,27
1063,2024-05-03 15:26:00+05:30,353.85,353.85,348.1,348.25,80
1064,2024-05-03 15:27:00+05:30,349.05,349.6,348.4,348.9,44
1065,2024-05-03 15:28:00+05:30,349.75,349.75,342.8,343.35,13
1066,2024-05-03 15:29:00+05:30,343.35,347.5,323.8,347.45,8
1067,2024-05-06 09:15:00+05:30,399.75,408.3,365.0,394.6,102
1068,2024-05-06 09:16:00+05:30,393.3,396.5,388.45,388.45,22
1069,2024-05-06 09:17:00+05:30,392.75,395.75,389.6,395.75,19
1070,2024-05-06 09:19:00+05:30,389.25,391.95,389.25,391.2,17
1071,2024-05-06 09:20:00+05:30,392.8,395.75,387.1,387.15,26
1072,2024-05-06 09:21:00+05:30,387.15,394.55,387.15,394.55,13
1073,2024-05-06 09:22:00+05:30,389.7,389.7,385.8,385.8,11
1074,2024-05-06 09:23:00+05:30,389.0,389.0,383.0,385.0,7
1075,2024-05-06 09:24:00+05:30,388.8,395.0,388.8,395.0,38
1076,2024-05-06 09:25:00+05:30,395.0,404.85,395.0,404.85,194
1077,2024-05-06 09:26:00+05:30,405.4,409.8,403.8,407.2,79
1078,2024-05-06 09:27:00+05:30,404.3,407.6,404.05,407.6,18
1079,2024-05-06 09:28:00+05:30,406.25,410.0,406.25,410.0,57
1080,2024-05-06 09:29:00+05:30,410.5,420.0,410.5,420.0,9
1081,2024-05-06 09:30:00+05:30,424.0,425.55,419.5,425.0,88
1082,2024-05-06 09:31:00+05:30,425.6,427.05,420.0,427.05,59
1083,2024-05-06 09:32:00+05:30,425.5,425.5,417.4,417.4,13
1084,2024-05-06 09:33:00+05:30,418.0,421.25,418.0,421.0,36
1085,2024-05-06 09:34:00+05:30,421.0,423.3,421.0,421.35,16
1086,2024-05-06 09:35:00+05:30,420.1,421.55,416.55,420.0,29
1087,2024-05-06 09:36:00+05:30,410.0,410.0,402.65,405.65,16
1088,2024-05-06 09:37:00+05:30,402.05,402.05,399.25,401.6,23
1089,2024-05-06 09:38:00+05:30,397.1,397.1,380.25,383.0,16
1090,2024-05-06 09:39:00+05:30,374.8,378.85,355.0,359.3,67
1091,2024-05-06 09:40:00+05:30,359.3,359.3,340.3,355.25,114
1092,2024-05-06 09:41:00+05:30,355.25,356.8,345.1,345.1,74
1093,2024-05-06 09:42:00+05:30,343.0,350.9,342.8,343.55,53
1094,2024-05-06 09:43:00+05:30,342.0,347.2,340.0,345.15,48
1095,2024-05-06 09:44:00+05:30,345.8,365.7,345.8,365.7,82
1096,2024-05-06 09:45:00+05:30,368.25,370.4,355.45,359.25,89
1097,2024-05-06 09:46:00+05:30,355.0,359.35,353.05,359.35,20
1098,2024-05-06 09:47:00+05:30,359.35,359.35,353.0,355.45,32
1099,2024-05-06 09:48:00+05:30,353.3,360.0,353.3,354.6,21
1100,2024-05-06 09:49:00+05:30,358.35,358.35,351.2,351.2,15
1101,2024-05-06 09:50:00+05:30,351.2,351.2,343.15,343.15,30
1102,2024-05-06 09:51:00+05:30,344.25,352.95,344.25,351.25,18
1103,2024-05-06 09:52:00+05:30,353.05,356.2,353.05,354.0,7
1104,2024-05-06 09:53:00+05:30,352.3,362.0,351.1,358.25,50
1105,2024-05-06 09:54:00+05:30,357.45,365.0,356.1,365.0,47
1106,2024-05-06 09:55:00+05:30,365.15,369.0,360.0,361.5,69
1107,2024-05-06 09:56:00+05:30,363.05,363.05,363.05,363.05,1
1108,2024-05-06 09:57:00+05:30,355.05,356.6,352.4,352.4,19
1109,2024-05-06 09:58:00+05:30,358.0,358.0,358.0,358.0,1
1110,2024-05-06 09:59:00+05:30,350.1,355.95,350.1,355.25,14
1111,2024-05-06 10:00:00+05:30,348.05,348.05,343.4,343.4,8
1112,2024-05-06 10:01:00+05:30,349.9,355.15,348.65,352.3,16
1113,2024-05-06 10:02:00+05:30,355.35,355.35,346.85,348.0,17
1114,2024-05-06 10:03:00+05:30,346.95,348.4,344.2,346.75,21
1115,2024-05-06 10:04:00+05:30,346.8,348.55,342.5,348.55,29
1116,2024-05-06 10:05:00+05:30,348.55,348.6,345.4,348.6,13
1117,2024-05-06 10:06:00+05:30,352.6,357.7,348.2,348.2,36
1118,2024-05-06 10:07:00+05:30,346.4,346.4,337.45,340.0,59
1119,2024-05-06 10:08:00+05:30,342.05,342.45,335.95,337.2,38
1120,2024-05-06 10:09:00+05:30,341.3,341.3,341.3,341.3,2
1121,2024-05-06 10:10:00+05:30,338.85,338.85,338.85,338.85,2
1122,2024-05-06 10:11:00+05:30,348.95,350.0,346.15,350.0,27
1123,2024-05-06 10:12:00+05:30,351.0,351.0,351.0,351.0,1
1124,2024-05-06 10:13:00+05:30,350.6,350.6,350.6,350.6,1
1125,2024-05-06 10:14:00+05:30,349.95,353.0,349.95,353.0,18
1126,2024-05-06 10:15:00+05:30,353.1,354.95,348.5,348.5,14
1127,2024-05-06 10:16:00+05:30,345.0,347.9,344.0,347.9,18
1128,2024-05-06 10:17:00+05:30,347.9,347.9,347.9,347.9,2
1129,2024-05-06 10:18:00+05:30,342.35,342.7,337.4,337.45,57
1130,2024-05-06 10:19:00+05:30,342.0,346.35,342.0,346.2,8
1131,2024-05-06 10:20:00+05:30,346.55,346.55,345.6,345.6,7
1132,2024-05-06 10:21:00+05:30,355.0,358.0,355.0,358.0,45
1133,2024-05-06 10:22:00+05:30,359.0,362.2,356.65,360.0,67
1134,2024-05-06 10:23:00+05:30,360.35,360.35,354.0,354.0,13
1135,2024-05-06 10:24:00+05:30,352.6,355.0,349.7,355.0,4
1136,2024-05-06 10:25:00+05:30,355.45,358.1,352.65,352.65,4
1137,2024-05-06 10:27:00+05:30,360.05,361.4,360.05,360.55,14
1138,2024-05-06 10:28:00+05:30,359.65,366.75,359.25,366.75,10
1139,2024-05-06 10:29:00+05:30,370.0,370.0,368.65,370.0,17
1140,2024-05-06 10:30:00+05:30,367.5,368.55,365.7,366.6,6
1141,2024-05-06 10:31:00+05:30,363.15,363.15,359.95,359.95,16
1142,2024-05-06 10:33:00+05:30,360.0,361.65,360.0,361.5,13
1143,2024-05-06 10:34:00+05:30,359.95,360.5,359.95,360.5,6
1144,2024-05-06 10:35:00+05:30,365.05,365.05,362.45,362.45,6
1145,2024-05-06 10:36:00+05:30,359.85,361.9,359.15,361.9,6
1146,2024-05-06 10:37:00+05:30,362.2,362.2,360.0,360.0,15
1147,2024-05-06 10:38:00+05:30,362.0,362.0,362.0,362.0,10
1148,2024-05-06 10:39:00+05:30,365.0,375.1,365.0,374.25,122
1149,2024-05-06 10:40:00+05:30,375.0,375.0,371.4,375.0,39
1150,2024-05-06 10:41:00+05:30,374.95,378.9,372.5,378.9,19
1151,2024-05-06 10:42:00+05:30,378.9,384.45,378.9,379.65,38
1152,2024-05-06 10:43:00+05:30,379.0,381.4,376.4,381.4,15
1153,2024-05-06 10:44:00+05:30,379.55,379.75,379.55,379.55,12
1154,2024-05-06 10:45:00+05:30,379.65,379.65,372.4,372.4,6
1155,2024-05-06 10:46:00+05:30,367.0,367.0,366.7,367.0,3
1156,2024-05-06 10:47:00+05:30,367.0,368.9,367.0,367.45,3
1157,2024-05-06 10:48:00+05:30,367.45,368.95,367.45,368.95,6
1158,2024-05-06 10:49:00+05:30,372.6,372.65,372.15,372.65,3
1159,2024-05-06 10:50:00+05:30,372.75,375.2,372.75,375.2,5
1160,2024-05-06 10:51:00+05:30,376.6,376.9,376.45,376.9,9
1161,2024-05-06 10:52:00+05:30,380.0,381.05,380.0,381.05,11
1162,2024-05-06 10:53:00+05:30,380.2,381.95,380.2,381.95,2
1163,2024-05-06 10:54:00+05:30,381.0,383.45,381.0,381.95,9
1164,2024-05-06 10:55:00+05:30,381.65,385.0,381.65,385.0,11
1165,2024-05-06 10:56:00+05:30,385.0,385.0,385.0,385.0,5
1166,2024-05-06 10:57:00+05:30,388.8,390.65,388.8,390.65,20
1167,2024-05-06 10:58:00+05:30,386.6,386.8,386.6,386.6,8
1168,2024-05-06 10:59:00+05:30,383.85,383.85,383.85,383.85,1
1169,2024-05-06 11:00:00+05:30,381.05,384.95,381.05,384.95,8
1170,2024-05-06 11:01:00+05:30,385.65,385.65,382.9,382.9,21
1171,2024-05-06 11:02:00+05:30,382.9,385.65,379.6,385.65,26
1172,2024-05-06 11:03:00+05:30,388.0,388.0,385.6,385.6,5
1173,2024-05-06 11:04:00+05:30,387.45,387.45,387.45,387.45,1
1174,2024-05-06 11:05:00+05:30,390.0,400.0,389.0,400.0,63
1175,2024-05-06 11:06:00+05:30,401.65,401.65,398.6,398.6,13
1176,2024-05-06 11:07:00+05:30,398.6,398.6,398.45,398.45,8
1177,2024-05-06 11:09:00+05:30,393.4,393.9,390.5,390.5,14
1178,2024-05-06 11:10:00+05:30,388.8,388.8,388.8,388.8,1
1179,2024-05-06 11:11:00+05:30,375.0,375.0,361.05,369.65,57
1180,2024-05-06 11:12:00+05:30,366.0,371.0,366.0,370.0,24
1181,2024-05-06 11:13:00+05:30,375.55,375.55,371.8,371.8,7
1182,2024-05-06 11:14:00+05:30,365.0,365.0,360.0,360.0,24
1183,2024-05-06 11:15:00+05:30,359.2,363.85,359.2,363.85,6
1184,2024-05-06 11:16:00+05:30,363.7,363.7,363.7,363.7,1
1185,2024-05-06 11:17:00+05:30,370.5,370.5,369.7,369.7,6
1186,2024-05-06 11:21:00+05:30,363.7,363.7,363.7,363.7,1
1187,2024-05-06 11:22:00+05:30,364.55,364.55,364.55,364.55,1
1188,2024-05-06 11:23:00+05:30,362.25,362.25,345.1,349.6,42
1189,2024-05-06 11:24:00+05:30,349.65,351.65,349.6,351.65,8
1190,2024-05-06 11:25:00+05:30,349.25,349.25,340.6,345.8,33
1191,2024-05-06 11:26:00+05:30,349.45,353.95,349.45,353.0,28
1192,2024-05-06 11:27:00+05:30,353.0,354.35,353.0,354.35,8
1193,2024-05-06 11:28:00+05:30,354.35,354.35,347.65,352.45,16
1194,2024-05-06 11:30:00+05:30,355.1,355.1,352.3,352.45,19
1195,2024-05-06 11:31:00+05:30,352.65,354.9,350.0,354.9,19
1196,2024-05-06 11:32:00+05:30,352.85,353.2,352.85,353.2,2
1197,2024-05-06 11:33:00+05:30,350.0,350.0,350.0,350.0,20
1198,2024-05-06 11:34:00+05:30,350.0,350.95,350.0,350.0,68
1199,2024-05-06 11:35:00+05:30,350.35,353.8,350.35,352.8,4
1200,2024-05-06 11:36:00+05:30,355.7,355.7,355.7,355.7,8
1201,2024-05-06 11:37:00+05:30,359.3,360.0,359.3,359.3,6
1202,2024-05-06 11:38:00+05:30,360.7,361.3,359.15,359.15,4
1203,2024-05-06 11:39:00+05:30,357.65,357.65,355.0,355.55,4
1204,2024-05-06 11:40:00+05:30,354.25,354.25,353.9,354.25,3
1205,2024-05-06 11:41:00+05:30,355.0,355.65,355.0,355.65,17
1206,2024-05-06 11:42:00+05:30,358.35,360.0,358.35,360.0,2
1207,2024-05-06 11:43:00+05:30,359.3,364.9,359.3,363.5,69
1208,2024-05-06 11:44:00+05:30,364.05,366.0,360.15,360.15,16
1209,2024-05-06 11:45:00+05:30,360.15,360.6,360.15,360.6,2
1210,2024-05-06 11:46:00+05:30,361.1,361.1,358.8,358.8,2
1211,2024-05-06 11:47:00+05:30,355.0,355.0,355.0,355.0,1
1212,2024-05-06 11:49:00+05:30,361.45,361.45,361.45,361.45,5
1213,2024-05-06 11:51:00+05:30,370.0,371.55,369.25,371.55,45
1214,2024-05-06 11:52:00+05:30,369.8,370.5,368.0,370.5,3
1215,2024-05-06 11:53:00+05:30,370.5,370.95,367.5,367.5,8
1216,2024-05-06 11:54:00+05:30,361.5,362.15,361.3,361.3,40
1217,2024-05-06 11:56:00+05:30,369.9,369.9,369.9,369.9,1
1218,2024-05-06 11:58:00+05:30,364.95,372.4,364.95,372.4,32
1219,2024-05-06 11:59:00+05:30,373.0,380.0,373.0,380.0,26
1220,2024-05-06 12:00:00+05:30,380.0,380.0,376.05,376.05,8
1221,2024-05-06 12:02:00+05:30,372.5,372.5,372.35,372.4,7
1222,2024-05-06 12:03:00+05:30,374.0,377.35,374.0,377.0,9
1223,2024-05-06 12:05:00+05:30,378.0,378.0,378.0,378.0,3
1224,2024-05-06 12:06:00+05:30,373.0,373.85,373.0,373.0,2
1225,2024-05-06 12:07:00+05:30,373.6,373.6,373.6,373.6,1
1226,2024-05-06 12:08:00+05:30,379.05,380.0,379.05,380.0,12
1227,2024-05-06 12:09:00+05:30,380.0,380.0,379.95,380.0,21
1228,2024-05-06 12:10:00+05:30,380.0,380.05,380.0,380.05,11
1229,2024-05-06 12:11:00+05:30,377.6,377.6,377.6,377.6,1
1230,2024-05-06 12:14:00+05:30,381.1,382.9,381.1,382.9,3
1231,2024-05-06 12:15:00+05:30,384.0,384.0,384.0,384.0,8
1232,2024-05-06 12:16:00+05:30,376.1,376.65,376.1,376.65,2
1233,2024-05-06 12:17:00+05:30,372.45,376.15,372.45,376.15,2
1234,2024-05-06 12:18:00+05:30,376.9,376.95,376.9,376.9,4
1235,2024-05-06 12:19:00+05:30,373.25,373.25,373.25,373.25,4
1236,2024-05-06 12:20:00+05:30,372.15,372.15,369.45,369.45,5
1237,2024-05-06 12:21:00+05:30,372.25,374.9,372.25,374.9,2
1238,2024-05-06 12:23:00+05:30,372.25,372.65,372.25,372.65,2
1239,2024-05-06 12:24:00+05:30,369.5,369.5,365.3,367.2,5
1240,2024-05-06 12:25:00+05:30,361.05,361.05,361.05,361.05,2
1241,2024-05-06 12:26:00+05:30,360.85,361.0,360.85,360.85,5
1242,2024-05-06 12:27:00+05:30,362.35,364.45,362.35,364.05,9
1243,2024-05-06 12:28:00+05:30,369.45,369.45,367.45,368.55,46
1244,2024-05-06 12:29:00+05:30,365.0,365.0,360.0,360.0,26
1245,2024-05-06 12:30:00+05:30,358.55,358.55,353.85,353.85,9
1246,2024-05-06 12:31:00+05:30,353.75,357.3,353.75,357.3,7
1247,2024-05-06 12:32:00+05:30,360.05,360.2,360.05,360.2,0
1248,2024-05-06 12:33:00+05:30,360.2,360.2,358.35,358.35,18
1249,2024-05-06 12:34:00+05:30,361.05,361.95,361.05,361.95,8
1250,2024-05-06 12:35:00+05:30,358.35,358.35,355.8,356.25,4
1251,2024-05-06 12:36:00+05:30,352.5,352.5,349.65,349.65,14
1252,2024-05-06 12:37:00+05:30,349.65,352.75,349.65,351.9,22
1253,2024-05-06 12:38:00+05:30,351.9,351.9,351.9,351.9,1
1254,2024-05-06 12:39:00+05:30,358.3,360.0,358.3,360.0,7
1255,2024-05-06 12:40:00+05:30,360.45,360.95,358.0,360.9,18
1256,2024-05-06 12:41:00+05:30,362.3,362.3,353.1,353.1,3
1257,2024-05-06 12:42:00+05:30,350.75,352.5,350.75,352.5,2
1258,2024-05-06 12:43:00+05:30,352.55,352.55,352.55,352.55,2
1259,2024-05-06 12:44:00+05:30,357.6,357.6,356.15,356.15,5
1260,2024-05-06 12:46:00+05:30,354.75,354.75,351.25,351.25,8
1261,2024-05-06 12:47:00+05:30,352.4,353.2,352.4,353.1,3
1262,2024-05-06 12:48:00+05:30,350.25,350.3,343.95,345.9,83
1263,2024-05-06 12:49:00+05:30,349.2,349.2,349.2,349.2,1
1264,2024-05-06 12:50:00+05:30,350.45,350.45,347.45,349.55,6
1265,2024-05-06 12:51:00+05:30,345.9,345.9,338.15,338.25,59
1266,2024-05-06 12:52:00+05:30,335.0,336.8,334.35,336.8,21
1267,2024-05-06 12:53:00+05:30,341.5,345.0,341.5,345.0,19
1268,2024-05-06 12:54:00+05:30,345.4,345.4,341.5,345.1,7
1269,2024-05-06 12:55:00+05:30,345.0,345.1,345.0,345.1,2
1270,2024-05-06 12:56:00+05:30,343.2,348.6,343.2,348.6,11
1271,2024-05-06 12:57:00+05:30,347.9,355.5,347.9,354.15,78
1272,2024-05-06 12:58:00+05:30,353.15,353.15,349.15,349.65,5
1273,2024-05-06 12:59:00+05:30,349.65,349.65,346.1,346.1,2
1274,2024-05-06 13:00:00+05:30,346.45,347.2,343.5,344.4,53
1275,2024-05-06 13:01:00+05:30,341.8,341.8,341.75,341.8,5
1276,2024-05-06 13:02:00+05:30,350.0,350.0,349.3,349.3,5
1277,2024-05-06 13:03:00+05:30,348.5,348.5,348.4,348.4,2
1278,2024-05-06 13:04:00+05:30,344.25,349.15,344.25,349.15,10
1279,2024-05-06 13:06:00+05:30,349.25,350.6,349.25,350.6,11
1280,2024-05-06 13:07:00+05:30,348.15,348.5,338.65,340.0,69
1281,2024-05-06 13:08:00+05:30,340.0,342.05,336.7,342.05,92
1282,2024-05-06 13:09:00+05:30,341.6,341.6,338.0,338.4,23
1283,2024-05-06 13:10:00+05:30,337.0,341.0,333.95,341.0,11
1284,2024-05-06 13:11:00+05:30,338.75,338.75,333.0,333.3,12
1285,2024-05-06 13:13:00+05:30,328.3,330.45,327.6,328.8,32
1286,2024-05-06 13:14:00+05:30,331.8,332.15,328.2,328.4,27
1287,2024-05-06 13:15:00+05:30,330.2,330.2,325.0,325.0,8
1288,2024-05-06 13:16:00+05:30,330.45,331.5,330.45,331.5,3
1289,2024-05-06 13:17:00+05:30,335.0,337.65,335.0,337.65,2
1290,2024-05-06 13:18:00+05:30,335.6,336.6,335.6,336.05,5
1291,2024-05-06 13:19:00+05:30,335.15,335.15,333.85,333.85,11
1292,2024-05-06 13:20:00+05:30,333.45,336.65,329.3,329.3,24
1293,2024-05-06 13:21:00+05:30,331.0,331.0,320.0,323.2,47
1294,2024-05-06 13:22:00+05:30,321.9,331.9,321.9,331.9,24
1295,2024-05-06 13:23:00+05:30,333.2,333.2,331.85,331.85,2
1296,2024-05-06 13:24:00+05:30,327.45,327.45,327.45,327.45,1
1297,2024-05-06 13:25:00+05:30,327.3,327.3,323.8,323.8,28
1298,2024-05-06 13:26:00+05:30,328.1,329.7,328.1,329.7,6
1299,2024-05-06 13:27:00+05:30,326.85,326.85,325.25,325.25,2
1300,2024-05-06 13:28:00+05:30,326.9,327.4,325.15,325.4,8
1301,2024-05-06 13:29:00+05:30,322.75,324.0,318.9,319.45,42
1302,2024-05-06 13:30:00+05:30,319.9,320.45,313.75,315.75,71
1303,2024-05-06 13:31:00+05:30,317.45,317.45,314.0,316.25,24
1304,2024-05-06 13:32:00+05:30,316.25,324.95,316.25,324.95,28
1305,2024-05-06 13:33:00+05:30,324.6,330.55,323.45,330.55,16
1306,2024-05-06 13:34:00+05:30,330.65,334.45,329.2,330.0,48
1307,2024-05-06 13:35:00+05:30,330.0,332.2,330.0,332.2,5
1308,2024-05-06 13:36:00+05:30,331.6,332.45,329.7,332.45,11
1309,2024-05-06 13:37:00+05:30,334.6,337.25,334.6,334.8,17
1310,2024-05-06 13:38:00+05:30,337.0,340.05,337.0,337.55,11
1311,2024-05-06 13:39:00+05:30,338.55,338.55,335.65,335.65,4
1312,2024-05-06 13:40:00+05:30,335.15,335.75,334.05,335.05,17
1313,2024-05-06 13:41:00+05:30,336.65,337.65,336.65,337.65,8
1314,2024-05-06 13:42:00+05:30,334.55,342.1,334.55,340.85,36
1315,2024-05-06 13:43:00+05:30,343.75,346.5,343.4,343.45,42
1316,2024-05-06 13:44:00+05:30,345.0,345.5,341.3,345.5,77
1317,2024-05-06 13:45:00+05:30,344.7,346.05,343.25,343.25,36
1318,2024-05-06 13:46:00+05:30,343.25,343.25,340.0,340.0,23
1319,2024-05-06 13:47:00+05:30,342.0,342.75,342.0,342.75,2
1320,2024-05-06 13:48:00+05:30,339.4,339.4,339.4,339.4,1
1321,2024-05-06 13:49:00+05:30,336.65,340.85,336.65,340.85,7
1322,2024-05-06 13:50:00+05:30,339.85,339.85,337.35,337.4,4
1323,2024-05-06 13:51:00+05:30,340.15,342.65,340.15,342.65,14
1324,2024-05-06 13:52:00+05:30,337.0,337.0,335.1,335.1,7
1325,2024-05-06 13:53:00+05:30,335.0,335.0,335.0,335.0,10
1326,2024-05-06 13:54:00+05:30,335.0,336.4,335.0,335.65,73
1327,2024-05-06 13:55:00+05:30,342.0,344.85,340.95,344.85,12
1328,2024-05-06 13:56:00+05:30,343.15,343.15,341.75,341.75,3
1329,2024-05-06 13:57:00+05:30,337.05,337.05,335.0,335.0,11
1330,2024-05-06 13:59:00+05:30,333.3,333.6,329.05,329.55,10
1331,2024-05-06 14:00:00+05:30,328.35,328.35,327.15,327.15,2
1332,2024-05-06 14:01:00+05:30,323.6,332.35,323.6,331.6,23
1333,2024-05-06 14:02:00+05:30,330.0,332.6,330.0,332.1,22
1334,2024-05-06 14:03:00+05:30,332.1,332.1,332.1,332.1,2
1335,2024-05-06 14:04:00+05:30,331.0,335.2,331.0,335.2,6
1336,2024-05-06 14:05:00+05:30,335.3,337.0,330.35,330.35,44
1337,2024-05-06 14:06:00+05:30,327.35,328.4,324.35,324.35,12
1338,2024-05-06 14:07:00+05:30,324.35,324.35,324.35,324.35,3
1339,2024-05-06 14:08:00+05:30,324.35,327.75,324.35,324.35,4
1340,2024-05-06 14:09:00+05:30,324.0,324.0,323.2,323.2,20
1341,2024-05-06 14:10:00+05:30,324.0,325.8,323.5,325.8,11
1342,2024-05-06 14:11:00+05:30,328.35,328.35,328.35,328.35,1
1343,2024-05-06 14:12:00+05:30,329.0,329.0,326.6,328.75,12
1344,2024-05-06 14:13:00+05:30,326.7,330.0,326.7,329.0,8
1345,2024-05-06 14:14:00+05:30,326.8,326.8,322.05,323.45,14
1346,2024-05-06 14:15:00+05:30,320.0,325.7,320.0,325.0,16
1347,2024-05-06 14:17:00+05:30,329.3,329.3,329.3,329.3,1
1348,2024-05-06 14:18:00+05:30,331.0,333.2,331.0,333.2,1
1349,2024-05-06 14:19:00+05:30,333.2,335.3,333.2,335.3,3
1350,2024-05-06 14:20:00+05:30,335.8,335.85,335.8,335.8,6
1351,2024-05-06 14:21:00+05:30,338.0,339.9,338.0,339.25,13
1352,2024-05-06 14:22:00+05:30,341.15,341.15,338.8,338.8,2
1353,2024-05-06 14:23:00+05:30,341.1,341.1,336.35,336.35,3
1354,2024-05-06 14:24:00+05:30,333.45,335.4,333.45,335.4,19
1355,2024-05-06 14:25:00+05:30,330.1,332.5,329.7,332.5,5
1356,2024-05-06 14:26:00+05:30,333.65,333.95,326.95,326.95,17
1357,2024-05-06 14:27:00+05:30,328.0,329.0,328.0,329.0,6
1358,2024-05-06 14:28:00+05:30,323.0,325.5,323.0,325.5,4
1359,2024-05-06 14:29:00+05:30,324.65,324.65,324.65,324.65,2
1360,2024-05-06 14:30:00+05:30,327.8,327.8,326.45,326.45,6
1361,2024-05-06 14:31:00+05:30,322.3,323.85,320.0,320.8,25
1362,2024-05-06 14:32:00+05:30,322.35,325.95,321.15,321.95,8
1363,2024-05-06 14:33:00+05:30,320.0,321.75,311.1,311.1,66
1364,2024-05-06 14:34:00+05:30,310.8,310.8,305.85,308.0,36
1365,2024-05-06 14:35:00+05:30,308.0,311.6,305.0,311.6,18
1366,2024-05-06 14:36:00+05:30,311.6,314.7,311.6,313.3,17
1367,2024-05-06 14:37:00+05:30,310.0,312.5,309.5,310.3,69
1368,2024-05-06 14:38:00+05:30,310.3,310.6,307.7,307.7,22
1369,2024-05-06 14:39:00+05:30,312.0,314.0,312.0,314.0,2
1370,2024-05-06 14:40:00+05:30,316.6,317.45,315.6,316.6,26
1371,2024-05-06 14:41:00+05:30,315.0,317.2,315.0,315.1,12
1372,2024-05-06 14:42:00+05:30,315.0,315.0,315.0,315.0,9
1373,2024-05-06 14:43:00+05:30,320.0,323.1,319.7,322.0,21
1374,2024-05-06 14:44:00+05:30,322.0,327.0,322.0,327.0,69
1375,2024-05-06 14:45:00+05:30,326.0,336.15,324.45,336.15,16
1376,2024-05-06 14:46:00+05:30,336.7,355.0,336.7,351.1,174
1377,2024-05-06 14:47:00+05:30,355.0,355.0,347.0,351.8,43
1378,2024-05-06 14:48:00+05:30,349.95,356.45,348.15,351.6,158
1379,2024-05-06 14:49:00+05:30,353.25,353.25,342.8,342.8,16
1380,2024-05-06 14:50:00+05:30,340.9,344.0,340.9,342.75,13
1381,2024-05-06 14:51:00+05:30,340.4,340.4,332.5,335.3,25
1382,2024-05-06 14:52:00+05:30,336.2,336.35,328.95,328.95,35
1383,2024-05-06 14:53:00+05:30,332.55,334.0,332.15,334.0,54
1384,2024-05-06 14:54:00+05:30,334.75,336.95,329.65,329.65,18
1385,2024-05-06 14:55:00+05:30,330.85,334.1,327.4,334.1,80
1386,2024-05-06 14:56:00+05:30,334.6,335.8,332.95,333.6,65
1387,2024-05-06 14:57:00+05:30,339.5,341.35,332.95,333.25,15
1388,2024-05-06 14:58:00+05:30,332.35,332.35,325.85,325.85,30
1389,2024-05-06 14:59:00+05:30,328.1,328.1,321.1,321.1,27
1390,2024-05-06 15:00:00+05:30,325.0,325.0,315.0,323.7,62
1391,2024-05-06 15:01:00+05:30,323.7,323.7,316.8,319.0,19
1392,2024-05-06 15:02:00+05:30,324.5,335.0,324.5,335.0,36
1393,2024-05-06 15:03:00+05:30,334.6,339.0,333.55,333.55,76
1394,2024-05-06 15:04:00+05:30,338.35,338.35,332.4,334.05,4
1395,2024-05-06 15:05:00+05:30,333.9,333.9,331.25,331.25,5
1396,2024-05-06 15:06:00+05:30,334.0,334.0,324.15,324.15,15
1397,2024-05-06 15:07:00+05:30,325.95,325.95,323.5,323.5,6
1398,2024-05-06 15:08:00+05:30,327.4,329.2,325.0,329.0,13
1399,2024-05-06 15:09:00+05:30,327.0,329.5,327.0,329.5,6
1400,2024-05-06 15:10:00+05:30,330.0,330.0,330.0,330.0,2
1401,2024-05-06 15:11:00+05:30,329.15,330.0,328.0,330.0,24
1402,2024-05-06 15:12:00+05:30,331.8,332.1,329.25,331.5,20
1403,2024-05-06 15:13:00+05:30,335.0,335.0,325.85,326.0,83
1404,2024-05-06 15:14:00+05:30,326.0,326.0,326.0,326.0,20
1405,2024-05-06 15:15:00+05:30,327.2,332.85,327.15,332.85,20
1406,2024-05-06 15:16:00+05:30,331.6,332.5,331.05,331.2,22
1407,2024-05-06 15:17:00+05:30,331.85,332.95,330.25,331.9,12
1408,2024-05-06 15:18:00+05:30,331.9,331.9,330.45,330.45,5
1409,2024-05-06 15:19:00+05:30,330.45,330.45,327.25,328.85,18
1410,2024-05-06 15:20:00+05:30,328.5,330.25,327.1,327.1,15
1411,2024-05-06 15:21:00+05:30,327.2,328.3,327.1,328.3,8
1412,2024-05-06 15:22:00+05:30,328.95,328.95,326.9,327.0,22
1413,2024-05-06 15:23:00+05:30,329.15,329.15,328.0,329.15,19
1414,2024-05-06 15:24:00+05:30,329.6,330.0,329.05,330.0,7
1415,2024-05-06 15:25:00+05:30,330.0,330.3,329.2,329.2,20
1416,2024-05-06 15:26:00+05:30,328.7,328.7,327.7,327.7,7
1417,2024-05-06 15:27:00+05:30,328.75,332.4,328.3,332.4,90
1418,2024-05-06 15:28:00+05:30,332.15,332.15,330.6,330.6,12
1419,2024-05-06 15:29:00+05:30,332.2,334.5,331.6,331.8,52
1420,2024-05-07 09:15:00+05:30,340.0,340.95,335.9,340.95,52
1421,2024-05-07 09:16:00+05:30,340.95,343.45,335.4,339.45,44
